txn_date,year,month,month_name,daily_txn_count,daily_volume_eur,daily_avg_amount,daily_avg_risk_score,daily_flagged_count,daily_off_hours_count,high_value_count,avg_daily_txn_count,avg_daily_volume_eur,txn_count_vs_avg,volume_vs_avg_eur,txn_deviation_pct,anomaly_type
2023-01-01,2023,1,Jan,19,113974.58,5998.66,17.13,1,9,1,16.44,153578.06,2.56,-39603.48,15.57,NORMAL
2023-01-02,2023,1,Jan,18,138579.05,7698.84,20.81,1,7,1,16.44,153578.06,1.56,-14999.01,9.49,NORMAL
2023-01-03,2023,1,Jan,17,118284.89,6957.93,15.68,0,3,1,16.44,153578.06,0.56,-35293.17,3.41,NORMAL
2023-01-04,2023,1,Jan,23,92182.41,4007.93,14.4,0,7,0,16.44,153578.06,6.56,-61395.65,39.9,NORMAL
2023-01-05,2023,1,Jan,14,42487.05,3034.79,14.41,0,4,0,16.44,153578.06,-2.44,-111091.01,-14.84,NORMAL
2023-01-06,2023,1,Jan,26,98357.75,3782.99,18.89,1,10,0,16.44,153578.06,9.56,-55220.31,58.15,VOLUME SPIKE
2023-01-07,2023,1,Jan,17,184769.71,10868.81,22.5,3,7,1,16.44,153578.06,0.56,31191.65,3.41,NORMAL
2023-01-08,2023,1,Jan,19,246452.88,12971.2,24.96,1,8,1,16.44,153578.06,2.56,92874.82,15.57,NORMAL
2023-01-09,2023,1,Jan,12,95797.24,7983.1,20.32,2,3,1,16.44,153578.06,-4.44,-57780.82,-27.01,NORMAL
2023-01-10,2023,1,Jan,23,531975.14,23129.35,22.27,2,7,3,16.44,153578.06,6.56,378397.08,39.9,NORMAL
2023-01-11,2023,1,Jan,20,474600.72,23730.04,18.14,2,9,2,16.44,153578.06,3.56,321022.66,21.65,NORMAL
2023-01-12,2023,1,Jan,10,72691.02,7269.1,25.41,1,5,1,16.44,153578.06,-6.44,-80887.04,-39.17,NORMAL
2023-01-13,2023,1,Jan,14,22026.63,1573.33,15.33,1,7,0,16.44,153578.06,-2.44,-131551.43,-14.84,NORMAL
2023-01-14,2023,1,Jan,13,90549.76,6965.37,16.26,0,4,1,16.44,153578.06,-3.44,-63028.3,-20.92,NORMAL
2023-01-15,2023,1,Jan,18,271671.57,15092.86,13.24,0,8,1,16.44,153578.06,1.56,118093.51,9.49,NORMAL
2023-01-16,2023,1,Jan,16,21291.89,1330.74,10.77,0,4,0,16.44,153578.06,-0.44,-132286.17,-2.68,NORMAL
2023-01-17,2023,1,Jan,27,53108.04,1966.96,17.66,0,14,0,16.44,153578.06,10.56,-100470.02,64.23,VOLUME SPIKE
2023-01-18,2023,1,Jan,10,57619.41,5761.94,26.14,1,5,0,16.44,153578.06,-6.44,-95958.65,-39.17,NORMAL
2023-01-19,2023,1,Jan,14,283637.1,20259.79,20.25,1,4,2,16.44,153578.06,-2.44,130059.04,-14.84,NORMAL
2023-01-20,2023,1,Jan,17,48546.0,2855.65,19.21,1,4,0,16.44,153578.06,0.56,-105032.06,3.41,NORMAL
2023-01-21,2023,1,Jan,13,106895.22,8222.71,19.24,1,5,1,16.44,153578.06,-3.44,-46682.84,-20.92,NORMAL
2023-01-22,2023,1,Jan,19,295159.42,15534.71,16.98,1,6,2,16.44,153578.06,2.56,141581.36,15.57,NORMAL
2023-01-23,2023,1,Jan,17,10720.28,630.6,12.33,0,5,0,16.44,153578.06,0.56,-142857.78,3.41,NORMAL
2023-01-24,2023,1,Jan,13,28024.92,2155.76,11.0,0,2,0,16.44,153578.06,-3.44,-125553.14,-20.92,NORMAL
2023-01-25,2023,1,Jan,25,458604.87,18344.19,18.01,2,10,4,16.44,153578.06,8.56,305026.81,52.07,VOLUME SPIKE
2023-01-26,2023,1,Jan,16,30631.46,1914.47,10.44,0,4,0,16.44,153578.06,-0.44,-122946.6,-2.68,NORMAL
2023-01-27,2023,1,Jan,19,86697.63,4563.03,19.18,2,7,1,16.44,153578.06,2.56,-66880.43,15.57,NORMAL
2023-01-28,2023,1,Jan,13,17638.22,1356.79,13.25,0,6,0,16.44,153578.06,-3.44,-135939.84,-20.92,NORMAL
2023-01-29,2023,1,Jan,12,281442.07,23453.51,24.76,1,5,2,16.44,153578.06,-4.44,127864.01,-27.01,NORMAL
2023-01-30,2023,1,Jan,13,47537.3,3656.72,11.73,0,5,0,16.44,153578.06,-3.44,-106040.76,-20.92,NORMAL
2023-01-31,2023,1,Jan,17,91904.78,5406.16,17.91,2,3,1,16.44,153578.06,0.56,-61673.28,3.41,NORMAL
2023-02-01,2023,2,Feb,12,14804.03,1233.67,11.05,0,2,0,16.44,153578.06,-4.44,-138774.03,-27.01,NORMAL
2023-02-02,2023,2,Feb,18,72687.67,4038.2,16.68,1,6,0,16.44,153578.06,1.56,-80890.39,9.49,NORMAL
2023-02-03,2023,2,Feb,15,28375.41,1891.69,19.71,1,5,0,16.44,153578.06,-1.44,-125202.65,-8.76,NORMAL
2023-02-04,2023,2,Feb,12,378674.2,31556.18,21.54,0,5,1,16.44,153578.06,-4.44,225096.14,-27.01,NORMAL
2023-02-05,2023,2,Feb,12,67209.63,5600.8,12.78,0,4,1,16.44,153578.06,-4.44,-86368.43,-27.01,NORMAL
2023-02-06,2023,2,Feb,18,22132.77,1229.6,11.33,0,4,0,16.44,153578.06,1.56,-131445.29,9.49,NORMAL
2023-02-07,2023,2,Feb,17,168819.84,9930.58,18.11,1,8,1,16.44,153578.06,0.56,15241.78,3.41,NORMAL
2023-02-08,2023,2,Feb,20,58855.05,2942.75,13.76,0,4,0,16.44,153578.06,3.56,-94723.01,21.65,NORMAL
2023-02-09,2023,2,Feb,13,12254.98,942.69,8.68,0,2,0,16.44,153578.06,-3.44,-141323.08,-20.92,NORMAL
2023-02-10,2023,2,Feb,14,84432.01,6030.86,22.86,1,5,0,16.44,153578.06,-2.44,-69146.05,-14.84,NORMAL
2023-02-11,2023,2,Feb,16,79734.73,4983.42,20.46,1,6,0,16.44,153578.06,-0.44,-73843.33,-2.68,NORMAL
2023-02-12,2023,2,Feb,19,365308.34,19226.75,24.95,3,9,2,16.44,153578.06,2.56,211730.28,15.57,NORMAL
2023-02-13,2023,2,Feb,32,142627.33,4457.1,16.33,0,8,1,16.44,153578.06,15.56,-10950.73,94.65,VOLUME SPIKE
2023-02-14,2023,2,Feb,7,11122.55,1588.94,26.02,1,3,0,16.44,153578.06,-9.44,-142455.51,-57.42,VOLUME DROP
2023-02-15,2023,2,Feb,19,23021.81,1211.67,7.47,0,3,0,16.44,153578.06,2.56,-130556.25,15.57,NORMAL
2023-02-16,2023,2,Feb,27,431592.31,15984.9,24.07,1,10,3,16.44,153578.06,10.56,278014.25,64.23,VOLUME SPIKE
2023-02-17,2023,2,Feb,18,293426.65,16301.48,19.69,1,7,2,16.44,153578.06,1.56,139848.59,9.49,NORMAL
2023-02-18,2023,2,Feb,23,405779.06,17642.57,19.25,1,8,2,16.44,153578.06,6.56,252201.0,39.9,NORMAL
2023-02-19,2023,2,Feb,14,108738.52,7767.04,9.21,1,1,1,16.44,153578.06,-2.44,-44839.54,-14.84,NORMAL
2023-02-20,2023,2,Feb,19,59085.07,3109.74,13.85,0,4,0,16.44,153578.06,2.56,-94492.99,15.57,NORMAL
2023-02-21,2023,2,Feb,16,72348.66,4521.79,12.21,0,1,0,16.44,153578.06,-0.44,-81229.4,-2.68,NORMAL
2023-02-22,2023,2,Feb,16,24335.7,1520.98,13.71,0,3,0,16.44,153578.06,-0.44,-129242.36,-2.68,NORMAL
2023-02-23,2023,2,Feb,9,27612.49,3068.05,12.66,0,1,0,16.44,153578.06,-7.44,-125965.57,-45.26,NORMAL
2023-02-24,2023,2,Feb,11,74797.15,6799.74,25.15,1,4,0,16.44,153578.06,-5.44,-78780.91,-33.09,NORMAL
2023-02-25,2023,2,Feb,16,177944.98,11121.56,19.81,1,2,1,16.44,153578.06,-0.44,24366.92,-2.68,NORMAL
2023-02-26,2023,2,Feb,23,622861.87,27080.95,19.86,2,7,2,16.44,153578.06,6.56,469283.81,39.9,NORMAL
2023-02-27,2023,2,Feb,21,185182.35,8818.21,12.79,1,7,2,16.44,153578.06,4.56,31604.29,27.74,NORMAL
2023-02-28,2023,2,Feb,18,9734.13,540.79,12.05,0,4,0,16.44,153578.06,1.56,-143843.93,9.49,NORMAL
2023-03-01,2023,3,Mar,13,103427.39,7955.95,13.06,0,5,1,16.44,153578.06,-3.44,-50150.67,-20.92,NORMAL
2023-03-02,2023,3,Mar,18,58732.25,3262.9,16.13,0,8,0,16.44,153578.06,1.56,-94845.81,9.49,NORMAL
2023-03-03,2023,3,Mar,8,18311.17,2288.9,22.43,0,4,0,16.44,153578.06,-8.44,-135266.89,-51.34,VOLUME DROP
2023-03-04,2023,3,Mar,12,11753.98,979.5,19.87,0,6,0,16.44,153578.06,-4.44,-141824.08,-27.01,NORMAL
2023-03-05,2023,3,Mar,16,49023.72,3063.98,12.5,1,3,0,16.44,153578.06,-0.44,-104554.34,-2.68,NORMAL
2023-03-06,2023,3,Mar,12,136121.61,11343.47,20.33,1,4,1,16.44,153578.06,-4.44,-17456.45,-27.01,NORMAL
2023-03-07,2023,3,Mar,16,64506.37,4031.65,21.65,1,8,0,16.44,153578.06,-0.44,-89071.69,-2.68,NORMAL
2023-03-08,2023,3,Mar,19,116318.82,6122.04,16.39,0,7,1,16.44,153578.06,2.56,-37259.24,15.57,NORMAL
2023-03-09,2023,3,Mar,17,124055.46,7297.38,14.29,0,7,1,16.44,153578.06,0.56,-29522.6,3.41,NORMAL
2023-03-10,2023,3,Mar,15,100597.43,6706.5,12.17,0,7,1,16.44,153578.06,-1.44,-52980.63,-8.76,NORMAL
2023-03-11,2023,3,Mar,14,232717.63,16622.69,17.45,1,4,1,16.44,153578.06,-2.44,79139.57,-14.84,NORMAL
2023-03-12,2023,3,Mar,30,404472.83,13482.43,19.75,1,13,3,16.44,153578.06,13.56,250894.77,82.48,VOLUME SPIKE
2023-03-13,2023,3,Mar,26,226722.46,8720.09,15.6,1,9,1,16.44,153578.06,9.56,73144.4,58.15,VOLUME SPIKE
2023-03-14,2023,3,Mar,18,31793.88,1766.33,12.38,0,6,0,16.44,153578.06,1.56,-121784.18,9.49,NORMAL
2023-03-15,2023,3,Mar,13,10487.47,806.73,21.74,0,7,0,16.44,153578.06,-3.44,-143090.59,-20.92,NORMAL
2023-03-16,2023,3,Mar,16,366574.64,22910.92,23.86,1,7,2,16.44,153578.06,-0.44,212996.58,-2.68,NORMAL
2023-03-17,2023,3,Mar,20,36217.3,1810.87,16.17,1,6,0,16.44,153578.06,3.56,-117360.76,21.65,NORMAL
2023-03-18,2023,3,Mar,17,60430.58,3554.74,17.39,1,7,0,16.44,153578.06,0.56,-93147.48,3.41,NORMAL
2023-03-19,2023,3,Mar,21,36002.55,1714.41,14.82,0,9,0,16.44,153578.06,4.56,-117575.51,27.74,NORMAL
2023-03-20,2023,3,Mar,17,42873.05,2521.94,16.0,1,4,0,16.44,153578.06,0.56,-110705.01,3.41,NORMAL
2023-03-21,2023,3,Mar,22,38691.28,1758.69,17.62,0,7,0,16.44,153578.06,5.56,-114886.78,33.82,NORMAL
2023-03-22,2023,3,Mar,18,150006.31,8333.68,19.07,1,8,1,16.44,153578.06,1.56,-3571.75,9.49,NORMAL
2023-03-23,2023,3,Mar,16,102108.17,6381.76,21.97,1,7,1,16.44,153578.06,-0.44,-51469.89,-2.68,NORMAL
2023-03-24,2023,3,Mar,22,509468.17,23157.64,18.82,1,11,1,16.44,153578.06,5.56,355890.11,33.82,NORMAL
2023-03-25,2023,3,Mar,21,543357.19,25874.15,17.02,1,7,1,16.44,153578.06,4.56,389779.13,27.74,NORMAL
2023-03-26,2023,3,Mar,15,24076.76,1605.12,12.42,0,5,0,16.44,153578.06,-1.44,-129501.3,-8.76,NORMAL
2023-03-27,2023,3,Mar,16,22550.13,1409.38,10.09,0,6,0,16.44,153578.06,-0.44,-131027.93,-2.68,NORMAL
2023-03-28,2023,3,Mar,11,16057.54,1459.78,19.56,0,4,0,16.44,153578.06,-5.44,-137520.52,-33.09,NORMAL
2023-03-29,2023,3,Mar,19,335618.85,17664.15,20.44,1,5,2,16.44,153578.06,2.56,182040.79,15.57,NORMAL
2023-03-30,2023,3,Mar,24,327742.25,13655.93,16.19,0,9,1,16.44,153578.06,7.56,174164.19,45.99,NORMAL
2023-03-31,2023,3,Mar,18,177991.22,9888.4,16.13,1,5,1,16.44,153578.06,1.56,24413.16,9.49,NORMAL
2023-04-01,2023,4,Apr,20,989564.13,49478.21,20.98,2,7,1,16.44,153578.06,3.56,835986.07,21.65,NORMAL
2023-04-02,2023,4,Apr,25,45723.77,1828.95,19.27,1,11,0,16.44,153578.06,8.56,-107854.29,52.07,VOLUME SPIKE
2023-04-03,2023,4,Apr,21,66349.5,3159.5,21.87,2,9,0,16.44,153578.06,4.56,-87228.56,27.74,NORMAL
2023-04-04,2023,4,Apr,18,14367.1,798.17,14.39,0,5,0,16.44,153578.06,1.56,-139210.96,9.49,NORMAL
2023-04-05,2023,4,Apr,17,499972.33,29410.14,19.58,1,7,1,16.44,153578.06,0.56,346394.27,3.41,NORMAL
2023-04-06,2023,4,Apr,17,15972.54,939.56,14.09,0,5,0,16.44,153578.06,0.56,-137605.52,3.41,NORMAL
2023-04-07,2023,4,Apr,17,29000.48,1705.91,7.03,0,3,0,16.44,153578.06,0.56,-124577.58,3.41,NORMAL
2023-04-08,2023,4,Apr,15,161288.03,10752.54,14.96,0,7,1,16.44,153578.06,-1.44,7709.97,-8.76,NORMAL
2023-04-09,2023,4,Apr,18,276802.79,15377.93,18.0,1,9,2,16.44,153578.06,1.56,123224.73,9.49,NORMAL
2023-04-10,2023,4,Apr,17,20621.91,1213.05,10.92,0,4,0,16.44,153578.06,0.56,-132956.15,3.41,NORMAL
2023-04-11,2023,4,Apr,15,72833.26,4855.55,16.12,0,4,0,16.44,153578.06,-1.44,-80744.8,-8.76,NORMAL
2023-04-12,2023,4,Apr,20,102031.12,5101.56,8.89,0,3,1,16.44,153578.06,3.56,-51546.94,21.65,NORMAL
2023-04-13,2023,4,Apr,15,242581.54,16172.1,19.1,0,6,1,16.44,153578.06,-1.44,89003.48,-8.76,NORMAL
2023-04-14,2023,4,Apr,20,138777.36,6938.87,13.59,0,8,1,16.44,153578.06,3.56,-14800.7,21.65,NORMAL
2023-04-15,2023,4,Apr,13,37311.77,2870.14,16.19,0,4,0,16.44,153578.06,-3.44,-116266.29,-20.92,NORMAL
2023-04-16,2023,4,Apr,9,8398.85,933.21,10.42,0,2,0,16.44,153578.06,-7.44,-145179.21,-45.26,NORMAL
2023-04-17,2023,4,Apr,17,373011.85,21941.87,17.49,1,4,1,16.44,153578.06,0.56,219433.79,3.41,NORMAL
2023-04-18,2023,4,Apr,19,336632.63,17717.51,18.4,0,7,2,16.44,153578.06,2.56,183054.57,15.57,NORMAL
2023-04-19,2023,4,Apr,23,84766.94,3685.52,11.84,0,3,1,16.44,153578.06,6.56,-68811.12,39.9,NORMAL
2023-04-20,2023,4,Apr,13,115615.4,8893.49,20.59,1,4,1,16.44,153578.06,-3.44,-37962.66,-20.92,NORMAL
2023-04-21,2023,4,Apr,23,65857.15,2863.35,11.62,0,5,0,16.44,153578.06,6.56,-87720.91,39.9,NORMAL
2023-04-22,2023,4,Apr,10,10103.81,1010.38,7.98,0,3,0,16.44,153578.06,-6.44,-143474.25,-39.17,NORMAL
2023-04-23,2023,4,Apr,19,109638.71,5770.46,12.14,0,5,1,16.44,153578.06,2.56,-43939.35,15.57,NORMAL
2023-04-24,2023,4,Apr,14,189843.29,13560.24,21.31,1,5,1,16.44,153578.06,-2.44,36265.23,-14.84,NORMAL
2023-04-25,2023,4,Apr,11,37045.58,3367.78,11.77,0,4,0,16.44,153578.06,-5.44,-116532.48,-33.09,NORMAL
2023-04-26,2023,4,Apr,20,166094.02,8304.7,16.41,1,5,2,16.44,153578.06,3.56,12515.96,21.65,NORMAL
2023-04-27,2023,4,Apr,18,242872.14,13492.9,18.1,2,5,1,16.44,153578.06,1.56,89294.08,9.49,NORMAL
2023-04-28,2023,4,Apr,12,20600.91,1716.74,11.35,0,3,0,16.44,153578.06,-4.44,-132977.15,-27.01,NORMAL
2023-04-29,2023,4,Apr,24,328916.71,13704.86,17.47,2,11,2,16.44,153578.06,7.56,175338.65,45.99,NORMAL
2023-04-30,2023,4,Apr,27,35323.18,1308.27,15.95,0,13,0,16.44,153578.06,10.56,-118254.88,64.23,VOLUME SPIKE
2023-05-01,2023,5,May,16,240327.42,15020.46,14.69,0,4,1,16.44,153578.06,-0.44,86749.36,-2.68,NORMAL
2023-05-02,2023,5,May,16,412668.33,25791.77,17.68,1,3,2,16.44,153578.06,-0.44,259090.27,-2.68,NORMAL
2023-05-03,2023,5,May,19,384684.14,20246.53,26.39,2,9,3,16.44,153578.06,2.56,231106.08,15.57,NORMAL
2023-05-04,2023,5,May,20,201563.87,10078.19,19.55,1,5,1,16.44,153578.06,3.56,47985.81,21.65,NORMAL
2023-05-05,2023,5,May,10,16396.36,1639.64,13.98,0,2,0,16.44,153578.06,-6.44,-137181.7,-39.17,NORMAL
2023-05-06,2023,5,May,15,707270.82,47151.39,26.6,3,7,2,16.44,153578.06,-1.44,553692.76,-8.76,NORMAL
2023-05-07,2023,5,May,17,345995.75,20352.69,19.17,1,5,1,16.44,153578.06,0.56,192417.69,3.41,NORMAL
2023-05-08,2023,5,May,20,147150.75,7357.54,18.39,1,8,1,16.44,153578.06,3.56,-6427.31,21.65,NORMAL
2023-05-09,2023,5,May,14,8407.82,600.56,9.32,0,4,0,16.44,153578.06,-2.44,-145170.24,-14.84,NORMAL
2023-05-10,2023,5,May,13,135341.1,10410.85,21.98,1,5,1,16.44,153578.06,-3.44,-18236.96,-20.92,NORMAL
2023-05-11,2023,5,May,18,425379.8,23632.21,17.73,1,9,1,16.44,153578.06,1.56,271801.74,9.49,NORMAL
2023-05-12,2023,5,May,14,17022.16,1215.87,18.4,1,6,0,16.44,153578.06,-2.44,-136555.9,-14.84,NORMAL
2023-05-13,2023,5,May,21,211818.42,10086.59,20.72,1,3,1,16.44,153578.06,4.56,58240.36,27.74,NORMAL
2023-05-14,2023,5,May,13,45135.26,3471.94,20.12,1,4,0,16.44,153578.06,-3.44,-108442.8,-20.92,NORMAL
2023-05-15,2023,5,May,17,24966.58,1468.62,17.86,1,8,0,16.44,153578.06,0.56,-128611.48,3.41,NORMAL
2023-05-16,2023,5,May,18,67147.16,3730.4,16.56,0,8,0,16.44,153578.06,1.56,-86430.9,9.49,NORMAL
2023-05-17,2023,5,May,16,280222.43,17513.9,19.66,1,5,1,16.44,153578.06,-0.44,126644.37,-2.68,NORMAL
2023-05-18,2023,5,May,28,418945.88,14962.35,20.53,2,7,3,16.44,153578.06,11.56,265367.82,70.32,VOLUME SPIKE
2023-05-19,2023,5,May,16,757142.74,47321.42,16.85,2,6,2,16.44,153578.06,-0.44,603564.68,-2.68,NORMAL
2023-05-20,2023,5,May,8,34719.98,4340.0,21.44,1,3,0,16.44,153578.06,-8.44,-118858.08,-51.34,VOLUME DROP
2023-05-21,2023,5,May,15,131051.82,8736.79,18.35,1,8,1,16.44,153578.06,-1.44,-22526.24,-8.76,NORMAL
2023-05-22,2023,5,May,23,390067.88,16959.47,13.4,2,7,2,16.44,153578.06,6.56,236489.82,39.9,NORMAL
2023-05-23,2023,5,May,12,85705.87,7142.16,17.27,0,7,1,16.44,153578.06,-4.44,-67872.19,-27.01,NORMAL
2023-05-24,2023,5,May,14,17624.27,1258.88,14.09,0,4,0,16.44,153578.06,-2.44,-135953.79,-14.84,NORMAL
2023-05-25,2023,5,May,26,138889.93,5341.92,19.12,2,6,1,16.44,153578.06,9.56,-14688.13,58.15,VOLUME SPIKE
2023-05-26,2023,5,May,26,190555.75,7329.07,20.6,1,13,1,16.44,153578.06,9.56,36977.69,58.15,VOLUME SPIKE
2023-05-27,2023,5,May,15,74569.88,4971.33,14.98,1,4,1,16.44,153578.06,-1.44,-79008.18,-8.76,NORMAL
2023-05-28,2023,5,May,16,52842.63,3302.66,20.42,0,5,0,16.44,153578.06,-0.44,-100735.43,-2.68,NORMAL
2023-05-29,2023,5,May,13,608003.17,46769.47,25.99,3,7,2,16.44,153578.06,-3.44,454425.11,-20.92,NORMAL
2023-05-30,2023,5,May,15,79437.78,5295.85,18.59,0,5,1,16.44,153578.06,-1.44,-74140.28,-8.76,NORMAL
2023-05-31,2023,5,May,22,193195.14,8781.6,14.14,0,8,1,16.44,153578.06,5.56,39617.08,33.82,NORMAL
2023-06-01,2023,6,Jun,13,111840.97,8603.15,13.97,0,3,1,16.44,153578.06,-3.44,-41737.09,-20.92,NORMAL
2023-06-02,2023,6,Jun,21,93071.24,4431.96,17.81,2,7,0,16.44,153578.06,4.56,-60506.82,27.74,NORMAL
2023-06-03,2023,6,Jun,20,183427.05,9171.35,20.97,1,9,1,16.44,153578.06,3.56,29848.99,21.65,NORMAL
2023-06-04,2023,6,Jun,13,34115.19,2624.25,10.67,0,3,0,16.44,153578.06,-3.44,-119462.87,-20.92,NORMAL
2023-06-05,2023,6,Jun,9,15607.39,1734.15,18.26,1,3,0,16.44,153578.06,-7.44,-137970.67,-45.26,NORMAL
2023-06-06,2023,6,Jun,19,74306.9,3910.89,14.78,0,8,0,16.44,153578.06,2.56,-79271.16,15.57,NORMAL
2023-06-07,2023,6,Jun,12,118385.65,9865.47,23.57,0,5,1,16.44,153578.06,-4.44,-35192.41,-27.01,NORMAL
2023-06-08,2023,6,Jun,18,11522.31,640.13,15.03,1,8,0,16.44,153578.06,1.56,-142055.75,9.49,NORMAL
2023-06-09,2023,6,Jun,15,416286.12,27752.41,17.82,1,4,1,16.44,153578.06,-1.44,262708.06,-8.76,NORMAL
2023-06-10,2023,6,Jun,15,58066.54,3871.1,10.57,0,4,0,16.44,153578.06,-1.44,-95511.52,-8.76,NORMAL
2023-06-11,2023,6,Jun,25,179624.91,7185.0,14.7,0,8,2,16.44,153578.06,8.56,26046.85,52.07,VOLUME SPIKE
2023-06-12,2023,6,Jun,18,35102.75,1950.15,16.13,0,5,0,16.44,153578.06,1.56,-118475.31,9.49,NORMAL
2023-06-13,2023,6,Jun,18,495725.6,27540.31,22.11,1,10,2,16.44,153578.06,1.56,342147.54,9.49,NORMAL
2023-06-14,2023,6,Jun,15,60015.41,4001.03,9.92,0,2,0,16.44,153578.06,-1.44,-93562.65,-8.76,NORMAL
2023-06-15,2023,6,Jun,12,54125.65,4510.47,15.25,0,6,0,16.44,153578.06,-4.44,-99452.41,-27.01,NORMAL
2023-06-16,2023,6,Jun,22,155630.92,7074.13,10.71,0,4,1,16.44,153578.06,5.56,2052.86,33.82,NORMAL
2023-06-17,2023,6,Jun,21,302330.2,14396.68,17.18,1,5,2,16.44,153578.06,4.56,148752.14,27.74,NORMAL
2023-06-18,2023,6,Jun,13,34261.43,2635.49,14.05,0,5,0,16.44,153578.06,-3.44,-119316.63,-20.92,NORMAL
2023-06-19,2023,6,Jun,19,152666.93,8035.1,22.78,1,7,0,16.44,153578.06,2.56,-911.13,15.57,NORMAL
2023-06-20,2023,6,Jun,13,322152.85,24780.99,19.3,1,6,1,16.44,153578.06,-3.44,168574.79,-20.92,NORMAL
2023-06-21,2023,6,Jun,12,19164.83,1597.07,12.95,0,2,0,16.44,153578.06,-4.44,-134413.23,-27.01,NORMAL
2023-06-22,2023,6,Jun,11,373820.02,33983.64,19.92,0,4,1,16.44,153578.06,-5.44,220241.96,-33.09,NORMAL
2023-06-23,2023,6,Jun,13,481200.63,37015.43,27.88,3,6,1,16.44,153578.06,-3.44,327622.57,-20.92,NORMAL
2023-06-24,2023,6,Jun,16,24849.18,1553.07,13.39,0,6,0,16.44,153578.06,-0.44,-128728.88,-2.68,NORMAL
2023-06-25,2023,6,Jun,12,20760.61,1730.05,16.58,0,4,0,16.44,153578.06,-4.44,-132817.45,-27.01,NORMAL
2023-06-26,2023,6,Jun,10,284887.18,28488.72,11.75,0,1,1,16.44,153578.06,-6.44,131309.12,-39.17,NORMAL
2023-06-27,2023,6,Jun,18,176534.13,9807.45,20.16,2,3,2,16.44,153578.06,1.56,22956.07,9.49,NORMAL
2023-06-28,2023,6,Jun,10,349342.43,34934.24,24.58,2,2,1,16.44,153578.06,-6.44,195764.37,-39.17,NORMAL
2023-06-29,2023,6,Jun,17,349499.74,20558.81,17.18,1,4,1,16.44,153578.06,0.56,195921.68,3.41,NORMAL
2023-06-30,2023,6,Jun,18,247544.81,13752.49,16.62,0,7,1,16.44,153578.06,1.56,93966.75,9.49,NORMAL
2023-07-01,2023,7,Jul,9,323734.27,35970.47,22.16,1,3,1,16.44,153578.06,-7.44,170156.21,-45.26,NORMAL
2023-07-02,2023,7,Jul,13,44678.53,3436.81,13.94,0,4,0,16.44,153578.06,-3.44,-108899.53,-20.92,NORMAL
2023-07-03,2023,7,Jul,20,120483.29,6024.16,9.93,0,4,1,16.44,153578.06,3.56,-33094.77,21.65,NORMAL
2023-07-04,2023,7,Jul,9,5778.55,642.06,12.42,0,3,0,16.44,153578.06,-7.44,-147799.51,-45.26,NORMAL
2023-07-05,2023,7,Jul,22,72143.24,3279.24,13.5,1,6,0,16.44,153578.06,5.56,-81434.82,33.82,NORMAL
2023-07-06,2023,7,Jul,16,42639.4,2664.96,16.01,0,11,0,16.44,153578.06,-0.44,-110938.66,-2.68,NORMAL
2023-07-07,2023,7,Jul,19,326713.64,17195.45,25.03,1,7,2,16.44,153578.06,2.56,173135.58,15.57,NORMAL
2023-07-08,2023,7,Jul,17,292146.1,17185.06,21.06,1,7,2,16.44,153578.06,0.56,138568.04,3.41,NORMAL
2023-07-09,2023,7,Jul,14,57679.3,4119.95,16.32,0,2,0,16.44,153578.06,-2.44,-95898.76,-14.84,NORMAL
2023-07-10,2023,7,Jul,21,124545.73,5930.75,18.59,1,7,1,16.44,153578.06,4.56,-29032.33,27.74,NORMAL
2023-07-11,2023,7,Jul,17,300995.94,17705.64,18.35,0,3,3,16.44,153578.06,0.56,147417.88,3.41,NORMAL
2023-07-12,2023,7,Jul,22,302044.83,13729.31,21.34,0,9,2,16.44,153578.06,5.56,148466.77,33.82,NORMAL
2023-07-13,2023,7,Jul,24,224010.51,9333.77,18.76,0,9,1,16.44,153578.06,7.56,70432.45,45.99,NORMAL
2023-07-14,2023,7,Jul,10,7189.27,718.93,9.25,0,4,0,16.44,153578.06,-6.44,-146388.79,-39.17,NORMAL
2023-07-15,2023,7,Jul,17,92754.73,5456.16,17.01,0,8,0,16.44,153578.06,0.56,-60823.33,3.41,NORMAL
2023-07-16,2023,7,Jul,8,9741.27,1217.66,9.83,0,1,0,16.44,153578.06,-8.44,-143836.79,-51.34,VOLUME DROP
2023-07-17,2023,7,Jul,12,32819.72,2734.98,12.32,0,6,0,16.44,153578.06,-4.44,-120758.34,-27.01,NORMAL
2023-07-18,2023,7,Jul,31,347278.0,11202.52,17.66,1,10,1,16.44,153578.06,14.56,193699.94,88.56,VOLUME SPIKE
2023-07-19,2023,7,Jul,17,48912.39,2877.2,19.82,0,9,0,16.44,153578.06,0.56,-104665.67,3.41,NORMAL
2023-07-20,2023,7,Jul,12,13380.96,1115.08,9.49,0,3,0,16.44,153578.06,-4.44,-140197.1,-27.01,NORMAL
2023-07-21,2023,7,Jul,17,218427.56,12848.68,14.44,0,5,2,16.44,153578.06,0.56,64849.5,3.41,NORMAL
2023-07-22,2023,7,Jul,11,213098.78,19372.62,17.19,1,1,1,16.44,153578.06,-5.44,59520.72,-33.09,NORMAL
2023-07-23,2023,7,Jul,14,41714.2,2979.59,17.3,0,3,0,16.44,153578.06,-2.44,-111863.86,-14.84,NORMAL
2023-07-24,2023,7,Jul,18,93304.68,5183.59,17.04,1,7,1,16.44,153578.06,1.56,-60273.38,9.49,NORMAL
2023-07-25,2023,7,Jul,21,171939.25,8187.58,19.21,2,6,1,16.44,153578.06,4.56,18361.19,27.74,NORMAL
2023-07-26,2023,7,Jul,16,27624.31,1726.52,15.62,1,4,0,16.44,153578.06,-0.44,-125953.75,-2.68,NORMAL
2023-07-27,2023,7,Jul,14,1108158.97,79154.21,22.41,1,6,2,16.44,153578.06,-2.44,954580.91,-14.84,NORMAL
2023-07-28,2023,7,Jul,14,84444.49,6031.75,20.95,2,8,0,16.44,153578.06,-2.44,-69133.57,-14.84,NORMAL
2023-07-29,2023,7,Jul,15,122845.86,8189.72,23.01,1,4,1,16.44,153578.06,-1.44,-30732.2,-8.76,NORMAL
2023-07-30,2023,7,Jul,12,7239.24,603.27,10.61,0,4,0,16.44,153578.06,-4.44,-146338.82,-27.01,NORMAL
2023-07-31,2023,7,Jul,14,192795.61,13771.12,28.82,2,7,1,16.44,153578.06,-2.44,39217.55,-14.84,NORMAL
2023-08-01,2023,8,Aug,18,485921.13,26995.62,15.88,1,7,1,16.44,153578.06,1.56,332343.07,9.49,NORMAL
2023-08-02,2023,8,Aug,21,378036.24,18001.73,18.69,2,7,2,16.44,153578.06,4.56,224458.18,27.74,NORMAL
2023-08-03,2023,8,Aug,15,260116.99,17341.13,18.25,1,4,1,16.44,153578.06,-1.44,106538.93,-8.76,NORMAL
2023-08-04,2023,8,Aug,19,143170.92,7535.31,16.75,0,6,1,16.44,153578.06,2.56,-10407.14,15.57,NORMAL
2023-08-05,2023,8,Aug,18,77078.68,4282.15,19.37,0,7,0,16.44,153578.06,1.56,-76499.38,9.49,NORMAL
2023-08-06,2023,8,Aug,16,40024.13,2501.51,13.63,0,7,0,16.44,153578.06,-0.44,-113553.93,-2.68,NORMAL
2023-08-07,2023,8,Aug,26,438251.94,16855.84,23.21,3,12,2,16.44,153578.06,9.56,284673.88,58.15,VOLUME SPIKE
2023-08-08,2023,8,Aug,19,96496.84,5078.78,14.1,0,6,0,16.44,153578.06,2.56,-57081.22,15.57,NORMAL
2023-08-09,2023,8,Aug,21,51123.36,2434.45,15.56,0,5,0,16.44,153578.06,4.56,-102454.7,27.74,NORMAL
2023-08-10,2023,8,Aug,16,298934.63,18683.41,26.27,1,10,1,16.44,153578.06,-0.44,145356.57,-2.68,NORMAL
2023-08-11,2023,8,Aug,11,7569.61,688.15,11.8,0,3,0,16.44,153578.06,-5.44,-146008.45,-33.09,NORMAL
2023-08-12,2023,8,Aug,13,121309.8,9331.52,22.54,1,6,1,16.44,153578.06,-3.44,-32268.26,-20.92,NORMAL
2023-08-13,2023,8,Aug,16,67080.83,4192.55,14.33,0,3,1,16.44,153578.06,-0.44,-86497.23,-2.68,NORMAL
2023-08-14,2023,8,Aug,20,30663.81,1533.19,15.17,0,8,0,16.44,153578.06,3.56,-122914.25,21.65,NORMAL
2023-08-15,2023,8,Aug,13,222771.72,17136.29,12.49,1,4,1,16.44,153578.06,-3.44,69193.66,-20.92,NORMAL
2023-08-16,2023,8,Aug,19,156922.08,8259.06,17.26,0,5,1,16.44,153578.06,2.56,3344.02,15.57,NORMAL
2023-08-17,2023,8,Aug,17,131777.79,7751.63,15.11,0,5,1,16.44,153578.06,0.56,-21800.27,3.41,NORMAL
2023-08-18,2023,8,Aug,10,33758.84,3375.88,20.09,0,4,0,16.44,153578.06,-6.44,-119819.22,-39.17,NORMAL
2023-08-19,2023,8,Aug,13,13531.46,1040.88,12.35,0,3,0,16.44,153578.06,-3.44,-140046.6,-20.92,NORMAL
2023-08-20,2023,8,Aug,19,133348.77,7018.36,14.01,1,6,1,16.44,153578.06,2.56,-20229.29,15.57,NORMAL
2023-08-21,2023,8,Aug,14,247310.7,17665.05,15.99,1,7,1,16.44,153578.06,-2.44,93732.64,-14.84,NORMAL
2023-08-22,2023,8,Aug,17,40700.56,2394.15,19.18,0,6,0,16.44,153578.06,0.56,-112877.5,3.41,NORMAL
2023-08-23,2023,8,Aug,16,161741.5,10108.84,21.97,1,6,1,16.44,153578.06,-0.44,8163.44,-2.68,NORMAL
2023-08-24,2023,8,Aug,10,3836.39,383.64,11.91,0,5,0,16.44,153578.06,-6.44,-149741.67,-39.17,NORMAL
2023-08-25,2023,8,Aug,11,19721.25,1792.84,15.54,0,5,0,16.44,153578.06,-5.44,-133856.81,-33.09,NORMAL
2023-08-26,2023,8,Aug,12,33236.04,2769.67,7.9,0,3,0,16.44,153578.06,-4.44,-120342.02,-27.01,NORMAL
2023-08-27,2023,8,Aug,14,29196.76,2085.48,18.1,0,4,0,16.44,153578.06,-2.44,-124381.3,-14.84,NORMAL
2023-08-28,2023,8,Aug,16,79896.51,4993.53,15.16,1,7,1,16.44,153578.06,-0.44,-73681.55,-2.68,NORMAL
2023-08-29,2023,8,Aug,11,283700.51,25790.96,25.01,1,6,2,16.44,153578.06,-5.44,130122.45,-33.09,NORMAL
2023-08-30,2023,8,Aug,14,149954.09,10711.01,26.68,2,5,1,16.44,153578.06,-2.44,-3623.97,-14.84,NORMAL
2023-08-31,2023,8,Aug,20,48381.9,2419.1,15.28,0,6,0,16.44,153578.06,3.56,-105196.16,21.65,NORMAL
2023-09-01,2023,9,Sep,12,11343.95,945.33,16.64,0,2,0,16.44,153578.06,-4.44,-142234.11,-27.01,NORMAL
2023-09-02,2023,9,Sep,14,20627.1,1473.36,15.76,1,4,0,16.44,153578.06,-2.44,-132950.96,-14.84,NORMAL
2023-09-03,2023,9,Sep,19,166193.29,8747.02,21.36,2,7,1,16.44,153578.06,2.56,12615.23,15.57,NORMAL
2023-09-04,2023,9,Sep,8,71532.71,8941.59,17.34,0,2,0,16.44,153578.06,-8.44,-82045.35,-51.34,VOLUME DROP
2023-09-05,2023,9,Sep,22,190147.31,8643.06,16.25,1,3,1,16.44,153578.06,5.56,36569.25,33.82,NORMAL
2023-09-06,2023,9,Sep,22,108572.7,4935.12,15.33,0,4,0,16.44,153578.06,5.56,-45005.36,33.82,NORMAL
2023-09-07,2023,9,Sep,12,93788.61,7815.72,26.64,2,7,1,16.44,153578.06,-4.44,-59789.45,-27.01,NORMAL
2023-09-08,2023,9,Sep,14,89621.56,6401.54,19.6,1,4,1,16.44,153578.06,-2.44,-63956.5,-14.84,NORMAL
2023-09-09,2023,9,Sep,16,30694.75,1918.42,11.72,0,6,0,16.44,153578.06,-0.44,-122883.31,-2.68,NORMAL
2023-09-10,2023,9,Sep,8,85264.98,10658.12,27.58,1,3,1,16.44,153578.06,-8.44,-68313.08,-51.34,VOLUME DROP
2023-09-11,2023,9,Sep,7,3700.96,528.71,7.91,0,2,0,16.44,153578.06,-9.44,-149877.1,-57.42,VOLUME DROP
2023-09-12,2023,9,Sep,22,360442.32,16383.74,23.89,3,8,1,16.44,153578.06,5.56,206864.26,33.82,NORMAL
2023-09-13,2023,9,Sep,16,181849.52,11365.6,18.91,1,9,1,16.44,153578.06,-0.44,28271.46,-2.68,NORMAL
2023-09-14,2023,9,Sep,15,289472.53,19298.17,14.55,1,4,1,16.44,153578.06,-1.44,135894.47,-8.76,NORMAL
2023-09-15,2023,9,Sep,24,94976.41,3957.35,13.88,0,4,0,16.44,153578.06,7.56,-58601.65,45.99,NORMAL
2023-09-16,2023,9,Sep,15,217564.87,14504.32,21.0,1,9,1,16.44,153578.06,-1.44,63986.81,-8.76,NORMAL
2023-09-17,2023,9,Sep,19,759261.91,39961.15,26.26,1,9,2,16.44,153578.06,2.56,605683.85,15.57,NORMAL
2023-09-18,2023,9,Sep,13,31331.5,2410.12,14.13,0,6,0,16.44,153578.06,-3.44,-122246.56,-20.92,NORMAL
2023-09-19,2023,9,Sep,17,82279.54,4839.97,19.32,0,9,0,16.44,153578.06,0.56,-71298.52,3.41,NORMAL
2023-09-20,2023,9,Sep,15,37898.27,2526.55,26.36,1,7,0,16.44,153578.06,-1.44,-115679.79,-8.76,NORMAL
2023-09-21,2023,9,Sep,16,95736.31,5983.52,18.46,1,6,0,16.44,153578.06,-0.44,-57841.75,-2.68,NORMAL
2023-09-22,2023,9,Sep,14,9093.84,649.56,12.02,0,5,0,16.44,153578.06,-2.44,-144484.22,-14.84,NORMAL
2023-09-23,2023,9,Sep,13,530391.63,40799.36,12.95,0,1,1,16.44,153578.06,-3.44,376813.57,-20.92,NORMAL
2023-09-24,2023,9,Sep,12,91342.04,7611.84,18.63,0,4,1,16.44,153578.06,-4.44,-62236.02,-27.01,NORMAL
2023-09-25,2023,9,Sep,13,88174.34,6782.64,18.96,2,5,1,16.44,153578.06,-3.44,-65403.72,-20.92,NORMAL
2023-09-26,2023,9,Sep,12,20778.58,1731.55,24.19,0,4,0,16.44,153578.06,-4.44,-132799.48,-27.01,NORMAL
2023-09-27,2023,9,Sep,12,56242.69,4686.89,21.77,0,5,0,16.44,153578.06,-4.44,-97335.37,-27.01,NORMAL
2023-09-28,2023,9,Sep,13,88649.96,6819.23,22.81,1,7,1,16.44,153578.06,-3.44,-64928.1,-20.92,NORMAL
2023-09-29,2023,9,Sep,24,252709.18,10529.55,21.07,3,9,1,16.44,153578.06,7.56,99131.12,45.99,NORMAL
2023-09-30,2023,9,Sep,13,226683.42,17437.19,18.6,0,3,2,16.44,153578.06,-3.44,73105.36,-20.92,NORMAL
2023-10-01,2023,10,Oct,16,44765.36,2797.84,9.48,0,1,0,16.44,153578.06,-0.44,-108812.7,-2.68,NORMAL
2023-10-02,2023,10,Oct,17,113659.34,6685.84,22.57,1,8,0,16.44,153578.06,0.56,-39918.72,3.41,NORMAL
2023-10-03,2023,10,Oct,27,546136.69,20227.28,17.32,0,8,3,16.44,153578.06,10.56,392558.63,64.23,VOLUME SPIKE
2023-10-04,2023,10,Oct,18,20524.23,1140.23,13.87,0,9,0,16.44,153578.06,1.56,-133053.83,9.49,NORMAL
2023-10-05,2023,10,Oct,22,326555.82,14843.45,17.31,1,6,1,16.44,153578.06,5.56,172977.76,33.82,NORMAL
2023-10-06,2023,10,Oct,19,27297.35,1436.7,13.1,0,6,0,16.44,153578.06,2.56,-126280.71,15.57,NORMAL
2023-10-07,2023,10,Oct,27,81134.6,3004.99,13.65,1,9,1,16.44,153578.06,10.56,-72443.46,64.23,VOLUME SPIKE
2023-10-08,2023,10,Oct,21,39030.66,1858.6,18.19,1,9,0,16.44,153578.06,4.56,-114547.4,27.74,NORMAL
2023-10-09,2023,10,Oct,14,227350.59,16239.33,25.08,1,3,3,16.44,153578.06,-2.44,73772.53,-14.84,NORMAL
2023-10-10,2023,10,Oct,22,171783.2,7808.33,20.29,3,10,1,16.44,153578.06,5.56,18205.14,33.82,NORMAL
2023-10-11,2023,10,Oct,13,124549.9,9580.76,12.49,0,4,1,16.44,153578.06,-3.44,-29028.16,-20.92,NORMAL
2023-10-12,2023,10,Oct,19,242135.74,12743.99,17.09,1,7,2,16.44,153578.06,2.56,88557.68,15.57,NORMAL
2023-10-13,2023,10,Oct,20,227342.02,11367.1,17.15,1,6,1,16.44,153578.06,3.56,73763.96,21.65,NORMAL
2023-10-14,2023,10,Oct,17,15218.95,895.23,9.03,0,6,0,16.44,153578.06,0.56,-138359.11,3.41,NORMAL
2023-10-15,2023,10,Oct,15,210673.73,14044.92,17.76,1,7,1,16.44,153578.06,-1.44,57095.67,-8.76,NORMAL
2023-10-16,2023,10,Oct,15,131538.67,8769.24,18.25,1,7,1,16.44,153578.06,-1.44,-22039.39,-8.76,NORMAL
2023-10-17,2023,10,Oct,17,89715.14,5277.36,25.7,1,10,0,16.44,153578.06,0.56,-63862.92,3.41,NORMAL
2023-10-18,2023,10,Oct,12,4924.03,410.34,18.29,0,5,0,16.44,153578.06,-4.44,-148654.03,-27.01,NORMAL
2023-10-19,2023,10,Oct,19,105227.12,5538.27,13.63,0,5,1,16.44,153578.06,2.56,-48350.94,15.57,NORMAL
2023-10-20,2023,10,Oct,19,52381.16,2756.9,16.64,0,8,0,16.44,153578.06,2.56,-101196.9,15.57,NORMAL
2023-10-21,2023,10,Oct,14,346589.75,24756.41,16.41,1,3,2,16.44,153578.06,-2.44,193011.69,-14.84,NORMAL
2023-10-22,2023,10,Oct,12,17785.5,1482.13,14.02,0,3,0,16.44,153578.06,-4.44,-135792.56,-27.01,NORMAL
2023-10-23,2023,10,Oct,11,23332.22,2121.11,19.74,0,4,0,16.44,153578.06,-5.44,-130245.84,-33.09,NORMAL
2023-10-24,2023,10,Oct,13,15847.11,1219.01,14.03,0,3,0,16.44,153578.06,-3.44,-137730.95,-20.92,NORMAL
2023-10-25,2023,10,Oct,19,15465.21,813.96,15.13,1,4,0,16.44,153578.06,2.56,-138112.85,15.57,NORMAL
2023-10-26,2023,10,Oct,23,102394.38,4451.93,15.68,0,7,1,16.44,153578.06,6.56,-51183.68,39.9,NORMAL
2023-10-27,2023,10,Oct,15,72700.44,4846.7,14.58,0,5,0,16.44,153578.06,-1.44,-80877.62,-8.76,NORMAL
2023-10-28,2023,10,Oct,16,84423.73,5276.48,17.32,1,5,1,16.44,153578.06,-0.44,-69154.33,-2.68,NORMAL
2023-10-29,2023,10,Oct,14,284135.49,20295.39,17.14,1,4,1,16.44,153578.06,-2.44,130557.43,-14.84,NORMAL
2023-10-30,2023,10,Oct,14,142902.1,10207.29,15.09,0,5,1,16.44,153578.06,-2.44,-10675.96,-14.84,NORMAL
2023-10-31,2023,10,Oct,14,30796.42,2199.74,18.31,0,9,0,16.44,153578.06,-2.44,-122781.64,-14.84,NORMAL
2023-11-01,2023,11,Nov,12,16040.45,1336.7,13.07,0,4,0,16.44,153578.06,-4.44,-137537.61,-27.01,NORMAL
2023-11-02,2023,11,Nov,20,49099.46,2454.97,16.54,0,9,0,16.44,153578.06,3.56,-104478.6,21.65,NORMAL
2023-11-03,2023,11,Nov,15,167672.47,11178.16,15.33,0,5,1,16.44,153578.06,-1.44,14094.41,-8.76,NORMAL
2023-11-04,2023,11,Nov,13,15689.81,1206.91,6.55,0,2,0,16.44,153578.06,-3.44,-137888.25,-20.92,NORMAL
2023-11-05,2023,11,Nov,16,33477.75,2092.36,16.02,1,3,0,16.44,153578.06,-0.44,-120100.31,-2.68,NORMAL
2023-11-06,2023,11,Nov,16,112514.4,7032.15,16.35,1,6,1,16.44,153578.06,-0.44,-41063.66,-2.68,NORMAL
2023-11-07,2023,11,Nov,22,354033.16,16092.42,16.75,2,6,3,16.44,153578.06,5.56,200455.1,33.82,NORMAL
2023-11-08,2023,11,Nov,16,137085.97,8567.87,17.87,0,8,1,16.44,153578.06,-0.44,-16492.09,-2.68,NORMAL
2023-11-09,2023,11,Nov,22,61075.29,2776.15,16.37,1,10,0,16.44,153578.06,5.56,-92502.77,33.82,NORMAL
2023-11-10,2023,11,Nov,19,652814.17,34358.64,27.05,2,4,5,16.44,153578.06,2.56,499236.11,15.57,NORMAL
2023-11-11,2023,11,Nov,12,337947.21,28162.27,19.29,1,6,1,16.44,153578.06,-4.44,184369.15,-27.01,NORMAL
2023-11-12,2023,11,Nov,20,53387.7,2669.38,19.88,1,7,0,16.44,153578.06,3.56,-100190.36,21.65,NORMAL
2023-11-13,2023,11,Nov,22,200344.83,9106.58,17.19,1,3,1,16.44,153578.06,5.56,46766.77,33.82,NORMAL
2023-11-14,2023,11,Nov,17,21583.76,1269.63,9.82,0,4,0,16.44,153578.06,0.56,-131994.3,3.41,NORMAL
2023-11-15,2023,11,Nov,25,140374.56,5614.98,11.8,1,8,1,16.44,153578.06,8.56,-13203.5,52.07,VOLUME SPIKE
2023-11-16,2023,11,Nov,13,503835.0,38756.54,31.44,2,6,3,16.44,153578.06,-3.44,350256.94,-20.92,NORMAL
2023-11-17,2023,11,Nov,22,673696.05,30622.55,25.54,3,6,3,16.44,153578.06,5.56,520117.99,33.82,NORMAL
2023-11-18,2023,11,Nov,22,28886.57,1313.03,13.19,0,8,0,16.44,153578.06,5.56,-124691.49,33.82,NORMAL
2023-11-19,2023,11,Nov,16,142447.24,8902.95,19.95,0,7,1,16.44,153578.06,-0.44,-11130.82,-2.68,NORMAL
2023-11-20,2023,11,Nov,13,370319.67,28486.13,19.19,1,5,1,16.44,153578.06,-3.44,216741.61,-20.92,NORMAL
2023-11-21,2023,11,Nov,11,26656.42,2423.31,14.98,0,4,0,16.44,153578.06,-5.44,-126921.64,-33.09,NORMAL
2023-11-22,2023,11,Nov,18,65695.26,3649.74,21.26,1,8,0,16.44,153578.06,1.56,-87882.8,9.49,NORMAL
2023-11-23,2023,11,Nov,18,127549.29,7086.07,17.33,0,5,1,16.44,153578.06,1.56,-26028.77,9.49,NORMAL
2023-11-24,2023,11,Nov,15,236565.53,15771.04,10.86,1,4,1,16.44,153578.06,-1.44,82987.47,-8.76,NORMAL
2023-11-25,2023,11,Nov,14,38106.92,2721.92,18.48,1,6,0,16.44,153578.06,-2.44,-115471.14,-14.84,NORMAL
2023-11-26,2023,11,Nov,10,152358.55,15235.86,24.32,1,3,1,16.44,153578.06,-6.44,-1219.51,-39.17,NORMAL
2023-11-27,2023,11,Nov,18,184904.15,10272.45,21.13,2,8,1,16.44,153578.06,1.56,31326.09,9.49,NORMAL
2023-11-28,2023,11,Nov,18,299055.76,16614.21,24.4,3,9,1,16.44,153578.06,1.56,145477.7,9.49,NORMAL
2023-11-29,2023,11,Nov,13,29271.02,2251.62,20.88,0,5,0,16.44,153578.06,-3.44,-124307.04,-20.92,NORMAL
2023-11-30,2023,11,Nov,15,36868.54,2457.9,11.74,0,6,0,16.44,153578.06,-1.44,-116709.52,-8.76,NORMAL
2023-12-01,2023,12,Dec,21,341351.41,16254.83,15.35,0,7,1,16.44,153578.06,4.56,187773.35,27.74,NORMAL
2023-12-02,2023,12,Dec,16,90147.51,5634.22,14.75,1,7,1,16.44,153578.06,-0.44,-63430.55,-2.68,NORMAL
2023-12-03,2023,12,Dec,16,105662.29,6603.89,15.97,1,6,0,16.44,153578.06,-0.44,-47915.77,-2.68,NORMAL
2023-12-04,2023,12,Dec,14,431556.74,30825.48,18.71,2,3,1,16.44,153578.06,-2.44,277978.68,-14.84,NORMAL
2023-12-05,2023,12,Dec,18,282190.29,15677.24,13.96,1,7,1,16.44,153578.06,1.56,128612.23,9.49,NORMAL
2023-12-06,2023,12,Dec,17,15490.92,911.23,12.55,0,6,0,16.44,153578.06,0.56,-138087.14,3.41,NORMAL
2023-12-07,2023,12,Dec,18,400883.98,22271.33,24.99,1,8,2,16.44,153578.06,1.56,247305.92,9.49,NORMAL
2023-12-08,2023,12,Dec,21,67721.49,3224.83,18.38,0,9,0,16.44,153578.06,4.56,-85856.57,27.74,NORMAL
2023-12-09,2023,12,Dec,19,120725.12,6353.95,15.24,1,9,1,16.44,153578.06,2.56,-32852.94,15.57,NORMAL
2023-12-10,2023,12,Dec,18,442907.96,24606.0,13.65,0,5,1,16.44,153578.06,1.56,289329.9,9.49,NORMAL
2023-12-11,2023,12,Dec,14,23677.91,1691.28,10.25,0,4,0,16.44,153578.06,-2.44,-129900.15,-14.84,NORMAL
2023-12-12,2023,12,Dec,24,28370.21,1182.09,10.52,0,4,0,16.44,153578.06,7.56,-125207.85,45.99,NORMAL
2023-12-13,2023,12,Dec,28,24857.83,887.78,12.52,0,5,0,16.44,153578.06,11.56,-128720.23,70.32,VOLUME SPIKE
2023-12-14,2023,12,Dec,14,171759.02,12268.5,14.65,0,4,1,16.44,153578.06,-2.44,18180.96,-14.84,NORMAL
2023-12-15,2023,12,Dec,18,502588.28,27921.57,18.47,1,7,3,16.44,153578.06,1.56,349010.22,9.49,NORMAL
2023-12-16,2023,12,Dec,19,133811.65,7042.72,19.7,1,3,1,16.44,153578.06,2.56,-19766.41,15.57,NORMAL
2023-12-17,2023,12,Dec,17,94969.87,5586.46,11.33,0,4,0,16.44,153578.06,0.56,-58608.19,3.41,NORMAL
2023-12-18,2023,12,Dec,17,18673.1,1098.42,12.52,0,7,0,16.44,153578.06,0.56,-134904.96,3.41,NORMAL
2023-12-19,2023,12,Dec,8,174486.32,21810.79,11.88,0,0,1,16.44,153578.06,-8.44,20908.26,-51.34,VOLUME DROP
2023-12-20,2023,12,Dec,20,58293.64,2914.68,17.11,2,9,0,16.44,153578.06,3.56,-95284.42,21.65,NORMAL
2023-12-21,2023,12,Dec,18,48001.69,2666.76,14.06,0,6,0,16.44,153578.06,1.56,-105576.37,9.49,NORMAL
2023-12-22,2023,12,Dec,16,43336.4,2708.53,11.88,0,5,0,16.44,153578.06,-0.44,-110241.66,-2.68,NORMAL
2023-12-23,2023,12,Dec,6,8516.29,1419.38,14.42,0,2,0,16.44,153578.06,-10.44,-145061.77,-63.5,VOLUME DROP
2023-12-24,2023,12,Dec,12,152386.41,12698.87,29.2,2,7,1,16.44,153578.06,-4.44,-1191.65,-27.01,NORMAL
2023-12-25,2023,12,Dec,17,73939.23,4349.37,16.72,1,7,0,16.44,153578.06,0.56,-79638.83,3.41,NORMAL
2023-12-26,2023,12,Dec,20,41860.66,2093.03,11.87,1,5,0,16.44,153578.06,3.56,-111717.4,21.65,NORMAL
2023-12-27,2023,12,Dec,23,230590.74,10025.68,14.53,1,5,1,16.44,153578.06,6.56,77012.68,39.9,NORMAL
2023-12-28,2023,12,Dec,12,247280.37,20606.7,12.2,0,3,1,16.44,153578.06,-4.44,93702.31,-27.01,NORMAL
2023-12-29,2023,12,Dec,18,31601.31,1755.63,12.97,0,6,0,16.44,153578.06,1.56,-121976.75,9.49,NORMAL
2023-12-30,2023,12,Dec,11,66770.49,6070.04,19.87,0,3,1,16.44,153578.06,-5.44,-86807.57,-33.09,NORMAL
2023-12-31,2023,12,Dec,14,14722.95,1051.64,12.51,0,5,0,16.44,153578.06,-2.44,-138855.11,-14.84,NORMAL
2024-01-01,2024,1,Jan,20,83172.85,4158.64,14.27,0,6,1,16.44,153578.06,3.56,-70405.21,21.65,NORMAL
2024-01-02,2024,1,Jan,21,145215.2,6915.01,17.27,0,4,1,16.44,153578.06,4.56,-8362.86,27.74,NORMAL
2024-01-03,2024,1,Jan,14,157303.58,11235.97,18.98,1,6,1,16.44,153578.06,-2.44,3725.52,-14.84,NORMAL
2024-01-04,2024,1,Jan,12,426101.52,35508.46,14.71,1,4,1,16.44,153578.06,-4.44,272523.46,-27.01,NORMAL
2024-01-05,2024,1,Jan,20,211374.04,10568.7,19.91,1,6,2,16.44,153578.06,3.56,57795.98,21.65,NORMAL
2024-01-06,2024,1,Jan,19,223756.05,11776.63,22.41,1,8,1,16.44,153578.06,2.56,70177.99,15.57,NORMAL
2024-01-07,2024,1,Jan,18,71642.83,3980.16,11.7,0,7,1,16.44,153578.06,1.56,-81935.23,9.49,NORMAL
2024-01-08,2024,1,Jan,18,26652.29,1480.68,17.84,0,7,0,16.44,153578.06,1.56,-126925.77,9.49,NORMAL
2024-01-09,2024,1,Jan,23,34314.08,1491.92,17.21,0,9,0,16.44,153578.06,6.56,-119263.98,39.9,NORMAL
2024-01-10,2024,1,Jan,14,372253.68,26589.55,28.77,3,4,3,16.44,153578.06,-2.44,218675.62,-14.84,NORMAL
2024-01-11,2024,1,Jan,13,42103.75,3238.75,22.17,1,6,0,16.44,153578.06,-3.44,-111474.31,-20.92,NORMAL
2024-01-12,2024,1,Jan,24,221920.89,9246.7,16.1,0,11,1,16.44,153578.06,7.56,68342.83,45.99,NORMAL
2024-01-13,2024,1,Jan,16,162205.04,10137.81,16.12,0,5,1,16.44,153578.06,-0.44,8626.98,-2.68,NORMAL
2024-01-14,2024,1,Jan,19,538415.2,28337.64,24.06,2,8,1,16.44,153578.06,2.56,384837.14,15.57,NORMAL
2024-01-15,2024,1,Jan,15,7091.68,472.78,14.6,0,6,0,16.44,153578.06,-1.44,-146486.38,-8.76,NORMAL
2024-01-16,2024,1,Jan,14,161696.88,11549.78,12.59,0,4,1,16.44,153578.06,-2.44,8118.82,-14.84,NORMAL
2024-01-17,2024,1,Jan,23,101049.67,4393.46,19.28,0,12,1,16.44,153578.06,6.56,-52528.39,39.9,NORMAL
2024-01-18,2024,1,Jan,16,425383.07,26586.44,17.57,1,5,2,16.44,153578.06,-0.44,271805.01,-2.68,NORMAL
2024-01-19,2024,1,Jan,13,165813.93,12754.92,17.39,0,5,1,16.44,153578.06,-3.44,12235.87,-20.92,NORMAL
2024-01-20,2024,1,Jan,19,123042.04,6475.9,22.43,2,7,1,16.44,153578.06,2.56,-30536.02,15.57,NORMAL
2024-01-21,2024,1,Jan,16,186664.62,11666.54,17.42,0,7,1,16.44,153578.06,-0.44,33086.56,-2.68,NORMAL
2024-01-22,2024,1,Jan,11,91678.79,8334.44,15.58,0,5,0,16.44,153578.06,-5.44,-61899.27,-33.09,NORMAL
2024-01-23,2024,1,Jan,17,54467.45,3203.97,13.44,0,6,0,16.44,153578.06,0.56,-99110.61,3.41,NORMAL
2024-01-24,2024,1,Jan,13,30617.89,2355.22,9.01,0,2,0,16.44,153578.06,-3.44,-122960.17,-20.92,NORMAL
2024-01-25,2024,1,Jan,12,25275.06,2106.25,15.83,0,6,0,16.44,153578.06,-4.44,-128303.0,-27.01,NORMAL
2024-01-26,2024,1,Jan,27,373860.56,13846.69,20.65,2,13,3,16.44,153578.06,10.56,220282.5,64.23,VOLUME SPIKE
2024-01-27,2024,1,Jan,19,535968.63,28208.88,17.69,0,10,2,16.44,153578.06,2.56,382390.57,15.57,NORMAL
2024-01-28,2024,1,Jan,15,33946.4,2263.09,13.05,0,2,0,16.44,153578.06,-1.44,-119631.66,-8.76,NORMAL
2024-01-29,2024,1,Jan,15,328355.42,21890.36,18.43,1,2,1,16.44,153578.06,-1.44,174777.36,-8.76,NORMAL
2024-01-30,2024,1,Jan,17,133319.53,7842.33,24.17,2,6,1,16.44,153578.06,0.56,-20258.53,3.41,NORMAL
2024-01-31,2024,1,Jan,24,50856.67,2119.03,12.85,1,6,0,16.44,153578.06,7.56,-102721.39,45.99,NORMAL
2024-02-01,2024,2,Feb,23,180566.11,7850.7,18.79,0,9,1,16.44,153578.06,6.56,26988.05,39.9,NORMAL
2024-02-02,2024,2,Feb,22,57032.3,2592.38,17.37,0,10,0,16.44,153578.06,5.56,-96545.76,33.82,NORMAL
2024-02-03,2024,2,Feb,21,22395.0,1066.43,15.18,0,7,0,16.44,153578.06,4.56,-131183.06,27.74,NORMAL
2024-02-04,2024,2,Feb,18,576898.99,32049.94,22.11,1,10,2,16.44,153578.06,1.56,423320.93,9.49,NORMAL
2024-02-05,2024,2,Feb,8,43692.72,5461.59,12.07,0,2,0,16.44,153578.06,-8.44,-109885.34,-51.34,VOLUME DROP
2024-02-06,2024,2,Feb,8,113743.97,14218.0,13.6,0,1,1,16.44,153578.06,-8.44,-39834.09,-51.34,VOLUME DROP
2024-02-07,2024,2,Feb,16,61182.67,3823.92,21.34,1,7,0,16.44,153578.06,-0.44,-92395.39,-2.68,NORMAL
2024-02-08,2024,2,Feb,10,28290.68,2829.07,16.83,1,3,0,16.44,153578.06,-6.44,-125287.38,-39.17,NORMAL
2024-02-09,2024,2,Feb,23,61702.01,2682.7,20.78,2,9,0,16.44,153578.06,6.56,-91876.05,39.9,NORMAL
2024-02-10,2024,2,Feb,22,279776.57,12717.12,21.71,2,10,2,16.44,153578.06,5.56,126198.51,33.82,NORMAL
2024-02-11,2024,2,Feb,12,125808.52,10484.04,25.03,1,4,1,16.44,153578.06,-4.44,-27769.54,-27.01,NORMAL
2024-02-12,2024,2,Feb,20,524505.49,26225.27,25.32,2,10,2,16.44,153578.06,3.56,370927.43,21.65,NORMAL
2024-02-13,2024,2,Feb,12,56163.34,4680.28,11.64,0,2,0,16.44,153578.06,-4.44,-97414.72,-27.01,NORMAL
2024-02-14,2024,2,Feb,10,16423.09,1642.31,10.15,0,2,0,16.44,153578.06,-6.44,-137154.97,-39.17,NORMAL
2024-02-15,2024,2,Feb,22,213991.64,9726.89,22.07,3,8,2,16.44,153578.06,5.56,60413.58,33.82,NORMAL
2024-02-16,2024,2,Feb,14,533069.06,38076.36,11.98,0,2,2,16.44,153578.06,-2.44,379491.0,-14.84,NORMAL
2024-02-17,2024,2,Feb,13,198551.2,15273.17,18.97,0,4,1,16.44,153578.06,-3.44,44973.14,-20.92,NORMAL
2024-02-18,2024,2,Feb,9,12018.56,1335.4,17.46,0,2,0,16.44,153578.06,-7.44,-141559.5,-45.26,NORMAL
2024-02-19,2024,2,Feb,14,34536.72,2466.91,24.07,1,6,0,16.44,153578.06,-2.44,-119041.34,-14.84,NORMAL
2024-02-20,2024,2,Feb,18,27077.25,1504.29,10.01,0,7,0,16.44,153578.06,1.56,-126500.81,9.49,NORMAL
2024-02-21,2024,2,Feb,21,102910.25,4900.49,18.1,1,12,0,16.44,153578.06,4.56,-50667.81,27.74,NORMAL
2024-02-22,2024,2,Feb,11,10295.36,935.94,9.71,0,2,0,16.44,153578.06,-5.44,-143282.7,-33.09,NORMAL
2024-02-23,2024,2,Feb,18,32655.36,1814.19,16.1,0,6,0,16.44,153578.06,1.56,-120922.7,9.49,NORMAL
2024-02-24,2024,2,Feb,20,45193.18,2259.66,12.65,1,5,0,16.44,153578.06,3.56,-108384.88,21.65,NORMAL
2024-02-25,2024,2,Feb,14,32716.75,2336.91,14.02,0,5,0,16.44,153578.06,-2.44,-120861.31,-14.84,NORMAL
2024-02-26,2024,2,Feb,14,552290.7,39449.34,19.65,1,6,1,16.44,153578.06,-2.44,398712.64,-14.84,NORMAL
2024-02-27,2024,2,Feb,27,128519.29,4759.97,13.19,0,10,1,16.44,153578.06,10.56,-25058.77,64.23,VOLUME SPIKE
2024-02-28,2024,2,Feb,18,107638.06,5979.89,17.48,0,2,1,16.44,153578.06,1.56,-45940.0,9.49,NORMAL
2024-02-29,2024,2,Feb,20,63917.85,3195.89,22.17,0,10,0,16.44,153578.06,3.56,-89660.21,21.65,NORMAL
2024-03-01,2024,3,Mar,6,31375.15,5229.19,16.03,0,1,0,16.44,153578.06,-10.44,-122202.91,-63.5,VOLUME DROP
2024-03-02,2024,3,Mar,10,8104.5,810.45,14.83,0,5,0,16.44,153578.06,-6.44,-145473.56,-39.17,NORMAL
2024-03-03,2024,3,Mar,15,73958.19,4930.55,16.65,0,6,0,16.44,153578.06,-1.44,-79619.87,-8.76,NORMAL
2024-03-04,2024,3,Mar,23,126653.09,5506.66,19.32,1,7,0,16.44,153578.06,6.56,-26924.97,39.9,NORMAL
2024-03-05,2024,3,Mar,20,49863.24,2493.16,13.1,0,6,0,16.44,153578.06,3.56,-103714.82,21.65,NORMAL
2024-03-06,2024,3,Mar,18,43503.83,2416.88,15.13,0,5,0,16.44,153578.06,1.56,-110074.23,9.49,NORMAL
2024-03-07,2024,3,Mar,13,96277.99,7406.0,19.2,1,3,1,16.44,153578.06,-3.44,-57300.07,-20.92,NORMAL
2024-03-08,2024,3,Mar,22,111025.63,5046.62,18.94,0,11,1,16.44,153578.06,5.56,-42552.43,33.82,NORMAL
2024-03-09,2024,3,Mar,12,26506.48,2208.87,13.12,0,6,0,16.44,153578.06,-4.44,-127071.58,-27.01,NORMAL
2024-03-10,2024,3,Mar,14,86142.05,6153.0,12.25,0,4,1,16.44,153578.06,-2.44,-67436.01,-14.84,NORMAL
2024-03-11,2024,3,Mar,16,253725.63,15857.85,8.71,0,5,1,16.44,153578.06,-0.44,100147.57,-2.68,NORMAL
2024-03-12,2024,3,Mar,15,257394.31,17159.62,19.45,1,6,2,16.44,153578.06,-1.44,103816.25,-8.76,NORMAL
2024-03-13,2024,3,Mar,15,87289.48,5819.3,15.07,0,3,0,16.44,153578.06,-1.44,-66288.58,-8.76,NORMAL
2024-03-14,2024,3,Mar,7,69821.31,9974.47,23.12,0,4,1,16.44,153578.06,-9.44,-83756.75,-57.42,VOLUME DROP
2024-03-15,2024,3,Mar,14,109382.24,7813.02,22.69,0,5,1,16.44,153578.06,-2.44,-44195.82,-14.84,NORMAL
2024-03-16,2024,3,Mar,19,163474.0,8603.89,17.5,0,6,1,16.44,153578.06,2.56,9895.94,15.57,NORMAL
2024-03-17,2024,3,Mar,19,94246.68,4960.35,16.37,0,7,0,16.44,153578.06,2.56,-59331.38,15.57,NORMAL
2024-03-18,2024,3,Mar,11,39008.68,3546.24,12.15,0,2,0,16.44,153578.06,-5.44,-114569.38,-33.09,NORMAL
2024-03-19,2024,3,Mar,15,12392.84,826.19,9.91,0,5,0,16.44,153578.06,-1.44,-141185.22,-8.76,NORMAL
2024-03-20,2024,3,Mar,24,105482.38,4395.1,13.28,1,5,1,16.44,153578.06,7.56,-48095.68,45.99,NORMAL
2024-03-21,2024,3,Mar,23,50396.06,2191.13,12.29,0,8,0,16.44,153578.06,6.56,-103182.0,39.9,NORMAL
2024-03-22,2024,3,Mar,5,6932.28,1386.46,5.13,0,1,0,16.44,153578.06,-11.44,-146645.78,-69.59,VOLUME DROP
2024-03-23,2024,3,Mar,13,20145.73,1549.67,13.77,0,4,0,16.44,153578.06,-3.44,-133432.33,-20.92,NORMAL
2024-03-24,2024,3,Mar,17,118160.78,6950.63,19.41,1,8,1,16.44,153578.06,0.56,-35417.28,3.41,NORMAL
2024-03-25,2024,3,Mar,20,135290.49,6764.52,16.58,1,5,1,16.44,153578.06,3.56,-18287.57,21.65,NORMAL
2024-03-26,2024,3,Mar,14,13725.51,980.39,16.66,0,7,0,16.44,153578.06,-2.44,-139852.55,-14.84,NORMAL
2024-03-27,2024,3,Mar,15,51171.9,3411.46,18.23,0,10,0,16.44,153578.06,-1.44,-102406.16,-8.76,NORMAL
2024-03-28,2024,3,Mar,11,21501.38,1954.67,15.75,0,3,0,16.44,153578.06,-5.44,-132076.68,-33.09,NORMAL
2024-03-29,2024,3,Mar,11,31450.24,2859.11,18.38,0,4,0,16.44,153578.06,-5.44,-122127.82,-33.09,NORMAL
2024-03-30,2024,3,Mar,20,50051.66,2502.58,15.86,0,9,0,16.44,153578.06,3.56,-103526.4,21.65,NORMAL
2024-03-31,2024,3,Mar,18,62032.34,3446.24,16.01,0,5,0,16.44,153578.06,1.56,-91545.72,9.49,NORMAL
2024-04-01,2024,4,Apr,16,29637.65,1852.35,7.79,0,4,0,16.44,153578.06,-0.44,-123940.41,-2.68,NORMAL
2024-04-02,2024,4,Apr,16,20768.15,1298.01,15.13,0,8,0,16.44,153578.06,-0.44,-132809.91,-2.68,NORMAL
2024-04-03,2024,4,Apr,16,93753.24,5859.58,12.83,0,5,1,16.44,153578.06,-0.44,-59824.82,-2.68,NORMAL
2024-04-04,2024,4,Apr,19,165333.71,8701.77,18.19,0,6,1,16.44,153578.06,2.56,11755.65,15.57,NORMAL
2024-04-05,2024,4,Apr,12,200684.24,16723.69,23.24,1,6,2,16.44,153578.06,-4.44,47106.18,-27.01,NORMAL
2024-04-06,2024,4,Apr,16,210004.48,13125.28,16.75,0,7,2,16.44,153578.06,-0.44,56426.42,-2.68,NORMAL
2024-04-07,2024,4,Apr,15,37093.23,2472.88,13.85,0,3,0,16.44,153578.06,-1.44,-116484.83,-8.76,NORMAL
2024-04-08,2024,4,Apr,20,210999.35,10549.97,21.31,1,8,2,16.44,153578.06,3.56,57421.29,21.65,NORMAL
2024-04-09,2024,4,Apr,11,341896.61,31081.51,21.94,1,6,2,16.44,153578.06,-5.44,188318.55,-33.09,NORMAL
2024-04-10,2024,4,Apr,14,27610.52,1972.18,7.55,0,3,0,16.44,153578.06,-2.44,-125967.54,-14.84,NORMAL
2024-04-11,2024,4,Apr,10,10039.55,1003.95,16.67,0,5,0,16.44,153578.06,-6.44,-143538.51,-39.17,NORMAL
2024-04-12,2024,4,Apr,15,96597.17,6439.81,20.42,1,6,1,16.44,153578.06,-1.44,-56980.89,-8.76,NORMAL
2024-04-13,2024,4,Apr,13,25293.89,1945.68,9.96,0,4,0,16.44,153578.06,-3.44,-128284.17,-20.92,NORMAL
2024-04-14,2024,4,Apr,13,42449.77,3265.37,14.53,0,5,0,16.44,153578.06,-3.44,-111128.29,-20.92,NORMAL
2024-04-15,2024,4,Apr,12,151809.86,12650.82,15.35,0,2,2,16.44,153578.06,-4.44,-1768.2,-27.01,NORMAL
2024-04-16,2024,4,Apr,22,167391.35,7608.7,16.16,1,6,1,16.44,153578.06,5.56,13813.29,33.82,NORMAL
2024-04-17,2024,4,Apr,13,70509.26,5423.79,11.47,0,3,0,16.44,153578.06,-3.44,-83068.8,-20.92,NORMAL
2024-04-18,2024,4,Apr,19,28028.23,1475.17,18.49,0,8,0,16.44,153578.06,2.56,-125549.83,15.57,NORMAL
2024-04-19,2024,4,Apr,21,103686.32,4937.44,16.1,1,8,0,16.44,153578.06,4.56,-49891.74,27.74,NORMAL
2024-04-20,2024,4,Apr,13,5059.5,389.19,22.26,0,8,0,16.44,153578.06,-3.44,-148518.56,-20.92,NORMAL
2024-04-21,2024,4,Apr,15,37272.55,2484.84,13.72,0,5,0,16.44,153578.06,-1.44,-116305.51,-8.76,NORMAL
2024-04-22,2024,4,Apr,19,94075.13,4951.32,20.17,0,7,0,16.44,153578.06,2.56,-59502.93,15.57,NORMAL
2024-04-23,2024,4,Apr,17,30908.59,1818.15,19.2,1,7,0,16.44,153578.06,0.56,-122669.47,3.41,NORMAL
2024-04-24,2024,4,Apr,11,67334.49,6121.32,25.26,1,5,0,16.44,153578.06,-5.44,-86243.57,-33.09,NORMAL
2024-04-25,2024,4,Apr,17,127013.35,7471.37,16.94,1,6,1,16.44,153578.06,0.56,-26564.71,3.41,NORMAL
2024-04-26,2024,4,Apr,16,99225.53,6201.6,17.34,1,3,0,16.44,153578.06,-0.44,-54352.53,-2.68,NORMAL
2024-04-27,2024,4,Apr,21,584859.67,27850.46,23.15,2,5,1,16.44,153578.06,4.56,431281.61,27.74,NORMAL
2024-04-28,2024,4,Apr,8,63860.58,7982.57,22.41,0,4,0,16.44,153578.06,-8.44,-89717.48,-51.34,VOLUME DROP
2024-04-29,2024,4,Apr,20,38925.86,1946.29,12.31,0,8,0,16.44,153578.06,3.56,-114652.2,21.65,NORMAL
2024-04-30,2024,4,Apr,14,193227.84,13801.99,14.91,0,4,1,16.44,153578.06,-2.44,39649.78,-14.84,NORMAL
2024-05-01,2024,5,May,19,34352.17,1808.01,18.35,1,10,0,16.44,153578.06,2.56,-119225.89,15.57,NORMAL
2024-05-02,2024,5,May,14,206111.2,14722.23,17.73,0,6,1,16.44,153578.06,-2.44,52533.14,-14.84,NORMAL
2024-05-03,2024,5,May,16,11026.95,689.18,9.38,0,5,0,16.44,153578.06,-0.44,-142551.11,-2.68,NORMAL
2024-05-04,2024,5,May,8,87404.19,10925.52,24.71,2,1,1,16.44,153578.06,-8.44,-66173.87,-51.34,VOLUME DROP
2024-05-05,2024,5,May,17,67659.01,3979.94,15.06,0,6,0,16.44,153578.06,0.56,-85919.05,3.41,NORMAL
2024-05-06,2024,5,May,18,122719.2,6817.73,13.28,0,4,1,16.44,153578.06,1.56,-30858.86,9.49,NORMAL
2024-05-07,2024,5,May,15,57197.21,3813.15,16.32,0,5,0,16.44,153578.06,-1.44,-96380.85,-8.76,NORMAL
2024-05-08,2024,5,May,17,64028.24,3766.37,14.16,1,6,0,16.44,153578.06,0.56,-89549.82,3.41,NORMAL
2024-05-09,2024,5,May,15,343047.35,22869.82,18.77,1,4,1,16.44,153578.06,-1.44,189469.29,-8.76,NORMAL
2024-05-10,2024,5,May,19,280018.29,14737.8,20.43,1,3,2,16.44,153578.06,2.56,126440.23,15.57,NORMAL
2024-05-11,2024,5,May,12,94943.73,7911.98,19.32,1,5,1,16.44,153578.06,-4.44,-58634.33,-27.01,NORMAL
2024-05-12,2024,5,May,18,128420.43,7134.47,13.94,0,5,1,16.44,153578.06,1.56,-25157.63,9.49,NORMAL
2024-05-13,2024,5,May,12,134443.96,11203.66,26.49,2,5,2,16.44,153578.06,-4.44,-19134.1,-27.01,NORMAL
2024-05-14,2024,5,May,15,74132.85,4942.19,14.58,0,3,0,16.44,153578.06,-1.44,-79445.21,-8.76,NORMAL
2024-05-15,2024,5,May,14,34270.54,2447.9,22.45,0,8,0,16.44,153578.06,-2.44,-119307.52,-14.84,NORMAL
2024-05-16,2024,5,May,20,48026.78,2401.34,18.16,0,9,0,16.44,153578.06,3.56,-105551.28,21.65,NORMAL
2024-05-17,2024,5,May,23,93262.84,4054.91,16.65,0,11,0,16.44,153578.06,6.56,-60315.22,39.9,NORMAL
2024-05-18,2024,5,May,16,24164.61,1510.29,11.76,0,3,0,16.44,153578.06,-0.44,-129413.45,-2.68,NORMAL
2024-05-19,2024,5,May,15,483984.9,32265.66,23.39,1,5,2,16.44,153578.06,-1.44,330406.84,-8.76,NORMAL
2024-05-20,2024,5,May,12,40017.05,3334.75,9.58,0,2,0,16.44,153578.06,-4.44,-113561.01,-27.01,NORMAL
2024-05-21,2024,5,May,12,14910.54,1242.55,20.32,0,6,0,16.44,153578.06,-4.44,-138667.52,-27.01,NORMAL
2024-05-22,2024,5,May,14,261542.77,18681.63,20.34,2,5,1,16.44,153578.06,-2.44,107964.71,-14.84,NORMAL
2024-05-23,2024,5,May,12,58699.26,4891.61,16.65,0,6,1,16.44,153578.06,-4.44,-94878.8,-27.01,NORMAL
2024-05-24,2024,5,May,15,25615.18,1707.68,16.39,0,5,0,16.44,153578.06,-1.44,-127962.88,-8.76,NORMAL
2024-05-25,2024,5,May,17,279650.51,16450.03,21.72,2,6,2,16.44,153578.06,0.56,126072.45,3.41,NORMAL
2024-05-26,2024,5,May,16,72590.79,4536.92,11.55,1,3,1,16.44,153578.06,-0.44,-80987.27,-2.68,NORMAL
2024-05-27,2024,5,May,18,65285.89,3626.99,18.17,0,7,0,16.44,153578.06,1.56,-88292.17,9.49,NORMAL
2024-05-28,2024,5,May,19,216892.44,11415.39,18.21,1,8,1,16.44,153578.06,2.56,63314.38,15.57,NORMAL
2024-05-29,2024,5,May,11,20915.16,1901.38,12.04,0,3,0,16.44,153578.06,-5.44,-132662.9,-33.09,NORMAL
2024-05-30,2024,5,May,21,165237.36,7868.45,16.74,0,8,1,16.44,153578.06,4.56,11659.3,27.74,NORMAL
2024-05-31,2024,5,May,18,33084.17,1838.01,12.75,0,2,0,16.44,153578.06,1.56,-120493.89,9.49,NORMAL
2024-06-01,2024,6,Jun,14,158030.3,11287.88,19.71,1,5,1,16.44,153578.06,-2.44,4452.24,-14.84,NORMAL
2024-06-02,2024,6,Jun,16,618245.65,38640.35,28.95,3,7,3,16.44,153578.06,-0.44,464667.59,-2.68,NORMAL
2024-06-03,2024,6,Jun,10,28266.48,2826.65,14.14,0,3,0,16.44,153578.06,-6.44,-125311.58,-39.17,NORMAL
2024-06-04,2024,6,Jun,23,136484.85,5934.12,17.02,1,7,1,16.44,153578.06,6.56,-17093.21,39.9,NORMAL
2024-06-05,2024,6,Jun,15,262636.04,17509.07,14.7,1,4,1,16.44,153578.06,-1.44,109057.98,-8.76,NORMAL
2024-06-06,2024,6,Jun,16,44351.82,2771.99,21.93,0,8,0,16.44,153578.06,-0.44,-109226.24,-2.68,NORMAL
2024-06-07,2024,6,Jun,18,36197.66,2010.98,11.1,0,4,0,16.44,153578.06,1.56,-117380.4,9.49,NORMAL
2024-06-08,2024,6,Jun,17,38995.64,2293.86,10.31,1,2,0,16.44,153578.06,0.56,-114582.42,3.41,NORMAL
2024-06-09,2024,6,Jun,26,256931.56,9881.98,17.53,2,10,1,16.44,153578.06,9.56,103353.5,58.15,VOLUME SPIKE
2024-06-10,2024,6,Jun,20,194527.87,9726.39,18.33,1,6,1,16.44,153578.06,3.56,40949.81,21.65,NORMAL
2024-06-11,2024,6,Jun,14,45024.25,3216.02,11.64,1,3,0,16.44,153578.06,-2.44,-108553.81,-14.84,NORMAL
2024-06-12,2024,6,Jun,18,34834.64,1935.26,14.86,0,6,0,16.44,153578.06,1.56,-118743.42,9.49,NORMAL
2024-06-13,2024,6,Jun,6,18854.64,3142.44,12.95,0,1,0,16.44,153578.06,-10.44,-134723.42,-63.5,VOLUME DROP
2024-06-14,2024,6,Jun,10,19152.03,1915.2,19.18,1,5,0,16.44,153578.06,-6.44,-134426.03,-39.17,NORMAL
2024-06-15,2024,6,Jun,21,53640.45,2554.31,18.41,1,7,0,16.44,153578.06,4.56,-99937.61,27.74,NORMAL
2024-06-16,2024,6,Jun,19,69003.3,3631.75,12.2,1,7,0,16.44,153578.06,2.56,-84574.76,15.57,NORMAL
2024-06-17,2024,6,Jun,16,199485.08,12467.82,17.2,1,6,1,16.44,153578.06,-0.44,45907.02,-2.68,NORMAL
2024-06-18,2024,6,Jun,19,18152.45,955.39,13.25,0,7,0,16.44,153578.06,2.56,-135425.61,15.57,NORMAL
2024-06-19,2024,6,Jun,14,36746.89,2624.78,14.63,0,3,0,16.44,153578.06,-2.44,-116831.17,-14.84,NORMAL
2024-06-20,2024,6,Jun,18,416141.63,23118.98,18.98,0,5,1,16.44,153578.06,1.56,262563.57,9.49,NORMAL
2024-06-21,2024,6,Jun,16,51938.27,3246.14,22.35,1,5,0,16.44,153578.06,-0.44,-101639.79,-2.68,NORMAL
2024-06-22,2024,6,Jun,21,125019.89,5953.33,15.81,0,6,1,16.44,153578.06,4.56,-28558.17,27.74,NORMAL
2024-06-23,2024,6,Jun,20,44435.73,2221.79,9.72,0,4,0,16.44,153578.06,3.56,-109142.33,21.65,NORMAL
2024-06-24,2024,6,Jun,20,403797.91,20189.9,15.21,1,7,1,16.44,153578.06,3.56,250219.85,21.65,NORMAL
2024-06-25,2024,6,Jun,15,53496.17,3566.41,13.32,0,3,0,16.44,153578.06,-1.44,-100081.89,-8.76,NORMAL
2024-06-26,2024,6,Jun,11,63805.66,5800.51,16.06,1,3,0,16.44,153578.06,-5.44,-89772.4,-33.09,NORMAL
2024-06-27,2024,6,Jun,22,125358.56,5698.12,16.54,0,7,1,16.44,153578.06,5.56,-28219.5,33.82,NORMAL
2024-06-28,2024,6,Jun,12,51927.74,4327.31,17.62,0,5,0,16.44,153578.06,-4.44,-101650.32,-27.01,NORMAL
2024-06-29,2024,6,Jun,16,408376.86,25523.55,17.96,2,7,2,16.44,153578.06,-0.44,254798.8,-2.68,NORMAL
2024-06-30,2024,6,Jun,15,28203.47,1880.23,11.38,0,2,0,16.44,153578.06,-1.44,-125374.59,-8.76,NORMAL
2024-07-01,2024,7,Jul,12,7484.7,623.73,11.57,0,1,0,16.44,153578.06,-4.44,-146093.36,-27.01,NORMAL
2024-07-02,2024,7,Jul,16,35495.6,2218.47,10.11,0,4,0,16.44,153578.06,-0.44,-118082.46,-2.68,NORMAL
2024-07-03,2024,7,Jul,19,178152.29,9376.44,20.58,2,7,1,16.44,153578.06,2.56,24574.23,15.57,NORMAL
2024-07-04,2024,7,Jul,10,6902.3,690.23,27.5,1,5,0,16.44,153578.06,-6.44,-146675.76,-39.17,NORMAL
2024-07-05,2024,7,Jul,14,34630.33,2473.6,15.76,0,6,0,16.44,153578.06,-2.44,-118947.73,-14.84,NORMAL
2024-07-06,2024,7,Jul,11,45724.73,4156.79,21.98,2,3,0,16.44,153578.06,-5.44,-107853.33,-33.09,NORMAL
2024-07-07,2024,7,Jul,21,145102.83,6909.66,12.48,0,5,1,16.44,153578.06,4.56,-8475.23,27.74,NORMAL
2024-07-08,2024,7,Jul,19,112573.75,5924.93,18.38,0,8,0,16.44,153578.06,2.56,-41004.31,15.57,NORMAL
2024-07-09,2024,7,Jul,8,4894.81,611.85,21.09,0,5,0,16.44,153578.06,-8.44,-148683.25,-51.34,VOLUME DROP
2024-07-10,2024,7,Jul,14,84916.66,6065.48,19.7,0,9,1,16.44,153578.06,-2.44,-68661.4,-14.84,NORMAL
2024-07-11,2024,7,Jul,21,306076.39,14575.07,22.22,1,8,2,16.44,153578.06,4.56,152498.33,27.74,NORMAL
2024-07-12,2024,7,Jul,13,56379.26,4336.87,17.41,0,6,0,16.44,153578.06,-3.44,-97198.8,-20.92,NORMAL
2024-07-13,2024,7,Jul,16,33743.66,2108.98,11.2,1,4,0,16.44,153578.06,-0.44,-119834.4,-2.68,NORMAL
2024-07-14,2024,7,Jul,13,368365.44,28335.8,36.32,4,6,3,16.44,153578.06,-3.44,214787.38,-20.92,NORMAL
2024-07-15,2024,7,Jul,11,19538.93,1776.27,9.32,0,4,0,16.44,153578.06,-5.44,-134039.13,-33.09,NORMAL
2024-07-16,2024,7,Jul,15,322861.7,21524.11,22.76,1,7,2,16.44,153578.06,-1.44,169283.64,-8.76,NORMAL
2024-07-17,2024,7,Jul,18,107243.63,5957.98,20.48,0,5,1,16.44,153578.06,1.56,-46334.43,9.49,NORMAL
2024-07-18,2024,7,Jul,16,31051.25,1940.7,8.3,0,2,0,16.44,153578.06,-0.44,-122526.81,-2.68,NORMAL
2024-07-19,2024,7,Jul,22,133077.96,6049.0,12.43,1,4,1,16.44,153578.06,5.56,-20500.1,33.82,NORMAL
2024-07-20,2024,7,Jul,21,64617.52,3077.02,16.94,0,8,0,16.44,153578.06,4.56,-88960.54,27.74,NORMAL
2024-07-21,2024,7,Jul,19,35263.8,1855.99,11.64,0,4,0,16.44,153578.06,2.56,-118314.26,15.57,NORMAL
2024-07-22,2024,7,Jul,11,90998.93,8272.63,14.85,0,4,0,16.44,153578.06,-5.44,-62579.13,-33.09,NORMAL
2024-07-23,2024,7,Jul,15,98597.11,6573.14,18.9,1,3,0,16.44,153578.06,-1.44,-54980.95,-8.76,NORMAL
2024-07-24,2024,7,Jul,12,90358.34,7529.86,8.05,0,2,1,16.44,153578.06,-4.44,-63219.72,-27.01,NORMAL
2024-07-25,2024,7,Jul,11,23130.51,2102.77,12.7,0,5,0,16.44,153578.06,-5.44,-130447.55,-33.09,NORMAL
2024-07-26,2024,7,Jul,17,180331.52,10607.74,13.35,0,4,1,16.44,153578.06,0.56,26753.46,3.41,NORMAL
2024-07-27,2024,7,Jul,11,8810.36,800.94,13.97,0,6,0,16.44,153578.06,-5.44,-144767.7,-33.09,NORMAL
2024-07-28,2024,7,Jul,16,41410.19,2588.14,12.5,0,7,0,16.44,153578.06,-0.44,-112167.87,-2.68,NORMAL
2024-07-29,2024,7,Jul,18,39856.98,2214.28,15.23,0,6,0,16.44,153578.06,1.56,-113721.08,9.49,NORMAL
2024-07-30,2024,7,Jul,11,312219.57,28383.6,22.77,1,4,1,16.44,153578.06,-5.44,158641.51,-33.09,NORMAL
2024-07-31,2024,7,Jul,21,311082.96,14813.47,21.02,2,9,1,16.44,153578.06,4.56,157504.9,27.74,NORMAL
2024-08-01,2024,8,Aug,17,461205.46,27129.73,21.95,1,8,2,16.44,153578.06,0.56,307627.4,3.41,NORMAL
2024-08-02,2024,8,Aug,13,100874.34,7759.56,12.42,0,3,1,16.44,153578.06,-3.44,-52703.72,-20.92,NORMAL
2024-08-03,2024,8,Aug,15,134807.42,8987.16,19.74,0,4,2,16.44,153578.06,-1.44,-18770.64,-8.76,NORMAL
2024-08-04,2024,8,Aug,18,60113.9,3339.66,14.81,0,6,0,16.44,153578.06,1.56,-93464.16,9.49,NORMAL
2024-08-05,2024,8,Aug,15,161476.31,10765.09,16.45,0,5,1,16.44,153578.06,-1.44,7898.25,-8.76,NORMAL
2024-08-06,2024,8,Aug,16,90729.21,5670.58,21.23,0,6,1,16.44,153578.06,-0.44,-62848.85,-2.68,NORMAL
2024-08-07,2024,8,Aug,23,858884.59,37342.81,19.8,2,7,2,16.44,153578.06,6.56,705306.53,39.9,NORMAL
2024-08-08,2024,8,Aug,12,9919.23,826.6,13.54,0,3,0,16.44,153578.06,-4.44,-143658.83,-27.01,NORMAL
2024-08-09,2024,8,Aug,14,121404.75,8671.77,14.97,1,4,1,16.44,153578.06,-2.44,-32173.31,-14.84,NORMAL
2024-08-10,2024,8,Aug,23,69587.69,3025.55,9.84,0,2,0,16.44,153578.06,6.56,-83990.37,39.9,NORMAL
2024-08-11,2024,8,Aug,15,81576.25,5438.42,11.45,0,4,0,16.44,153578.06,-1.44,-72001.81,-8.76,NORMAL
2024-08-12,2024,8,Aug,15,92753.41,6183.56,16.44,0,4,0,16.44,153578.06,-1.44,-60824.65,-8.76,NORMAL
2024-08-13,2024,8,Aug,16,18544.71,1159.04,11.01,0,3,0,16.44,153578.06,-0.44,-135033.35,-2.68,NORMAL
2024-08-14,2024,8,Aug,16,383362.42,23960.15,18.17,1,7,2,16.44,153578.06,-0.44,229784.36,-2.68,NORMAL
2024-08-15,2024,8,Aug,28,547024.99,19536.61,14.7,2,6,2,16.44,153578.06,11.56,393446.93,70.32,VOLUME SPIKE
2024-08-16,2024,8,Aug,14,70987.64,5070.55,12.34,0,2,0,16.44,153578.06,-2.44,-82590.42,-14.84,NORMAL
2024-08-17,2024,8,Aug,19,114922.03,6048.53,13.48,0,6,1,16.44,153578.06,2.56,-38656.03,15.57,NORMAL
2024-08-18,2024,8,Aug,14,245508.6,17536.33,15.36,1,5,1,16.44,153578.06,-2.44,91930.54,-14.84,NORMAL
2024-08-19,2024,8,Aug,12,86747.26,7228.94,21.36,1,2,0,16.44,153578.06,-4.44,-66830.8,-27.01,NORMAL
2024-08-20,2024,8,Aug,16,25779.59,1611.22,7.57,0,4,0,16.44,153578.06,-0.44,-127798.47,-2.68,NORMAL
2024-08-21,2024,8,Aug,14,62552.04,4468.0,21.12,1,5,0,16.44,153578.06,-2.44,-91026.02,-14.84,NORMAL
2024-08-22,2024,8,Aug,11,6260.26,569.11,17.54,0,5,0,16.44,153578.06,-5.44,-147317.8,-33.09,NORMAL
2024-08-23,2024,8,Aug,18,42450.31,2358.35,16.6,0,6,0,16.44,153578.06,1.56,-111127.75,9.49,NORMAL
2024-08-24,2024,8,Aug,16,175411.58,10963.22,19.85,1,5,2,16.44,153578.06,-0.44,21833.52,-2.68,NORMAL
2024-08-25,2024,8,Aug,17,51550.81,3032.4,12.52,0,5,0,16.44,153578.06,0.56,-102027.25,3.41,NORMAL
2024-08-26,2024,8,Aug,12,273228.47,22769.04,24.57,2,3,2,16.44,153578.06,-4.44,119650.41,-27.01,NORMAL
2024-08-27,2024,8,Aug,15,59536.39,3969.09,17.57,1,4,0,16.44,153578.06,-1.44,-94041.67,-8.76,NORMAL
2024-08-28,2024,8,Aug,17,409237.28,24072.78,25.11,2,9,1,16.44,153578.06,0.56,255659.22,3.41,NORMAL
2024-08-29,2024,8,Aug,19,186505.03,9816.05,13.27,0,7,1,16.44,153578.06,2.56,32926.97,15.57,NORMAL
2024-08-30,2024,8,Aug,22,545319.37,24787.24,19.39,2,9,2,16.44,153578.06,5.56,391741.31,33.82,NORMAL
2024-08-31,2024,8,Aug,14,24620.59,1758.61,18.44,0,5,0,16.44,153578.06,-2.44,-128957.47,-14.84,NORMAL
2024-09-01,2024,9,Sep,21,116224.34,5534.49,14.47,0,7,0,16.44,153578.06,4.56,-37353.72,27.74,NORMAL
2024-09-02,2024,9,Sep,21,435107.9,20719.42,14.26,1,7,1,16.44,153578.06,4.56,281529.84,27.74,NORMAL
2024-09-03,2024,9,Sep,13,9556.77,735.14,9.41,0,4,0,16.44,153578.06,-3.44,-144021.29,-20.92,NORMAL
2024-09-04,2024,9,Sep,24,116800.21,4866.68,18.53,1,8,0,16.44,153578.06,7.56,-36777.85,45.99,NORMAL
2024-09-05,2024,9,Sep,15,87316.37,5821.09,13.56,1,2,1,16.44,153578.06,-1.44,-66261.69,-8.76,NORMAL
2024-09-06,2024,9,Sep,23,43975.04,1911.96,18.06,0,7,0,16.44,153578.06,6.56,-109603.02,39.9,NORMAL
2024-09-07,2024,9,Sep,20,155132.68,7756.63,23.69,1,6,1,16.44,153578.06,3.56,1554.62,21.65,NORMAL
2024-09-08,2024,9,Sep,10,99928.07,9992.81,13.72,0,1,1,16.44,153578.06,-6.44,-53649.99,-39.17,NORMAL
2024-09-09,2024,9,Sep,14,75632.71,5402.34,12.11,1,4,0,16.44,153578.06,-2.44,-77945.35,-14.84,NORMAL
2024-09-10,2024,9,Sep,22,147692.21,6713.28,20.2,1,9,1,16.44,153578.06,5.56,-5885.85,33.82,NORMAL
2024-09-11,2024,9,Sep,17,448625.08,26389.71,12.39,1,3,1,16.44,153578.06,0.56,295047.02,3.41,NORMAL
2024-09-12,2024,9,Sep,16,204176.62,12761.04,26.52,1,9,1,16.44,153578.06,-0.44,50598.56,-2.68,NORMAL
2024-09-13,2024,9,Sep,24,120398.09,5016.59,20.57,2,10,0,16.44,153578.06,7.56,-33179.97,45.99,NORMAL
2024-09-14,2024,9,Sep,21,140698.28,6699.92,13.83,0,7,1,16.44,153578.06,4.56,-12879.78,27.74,NORMAL
2024-09-15,2024,9,Sep,18,793586.31,44088.13,26.48,2,6,3,16.44,153578.06,1.56,640008.25,9.49,NORMAL
2024-09-16,2024,9,Sep,20,15907.43,795.37,13.03,0,7,0,16.44,153578.06,3.56,-137670.63,21.65,NORMAL
2024-09-17,2024,9,Sep,18,51941.62,2885.65,16.14,0,4,0,16.44,153578.06,1.56,-101636.44,9.49,NORMAL
2024-09-18,2024,9,Sep,11,73708.52,6700.77,14.68,0,2,0,16.44,153578.06,-5.44,-79869.54,-33.09,NORMAL
2024-09-19,2024,9,Sep,22,606354.0,27561.55,18.8,0,8,2,16.44,153578.06,5.56,452775.94,33.82,NORMAL
2024-09-20,2024,9,Sep,18,472162.19,26231.23,11.17,1,4,2,16.44,153578.06,1.56,318584.13,9.49,NORMAL
2024-09-21,2024,9,Sep,16,43526.19,2720.39,17.55,1,5,0,16.44,153578.06,-0.44,-110051.87,-2.68,NORMAL
2024-09-22,2024,9,Sep,11,89646.6,8149.69,20.05,1,3,1,16.44,153578.06,-5.44,-63931.46,-33.09,NORMAL
2024-09-23,2024,9,Sep,14,6013.85,429.56,10.85,0,2,0,16.44,153578.06,-2.44,-147564.21,-14.84,NORMAL
2024-09-24,2024,9,Sep,16,2045034.55,127814.66,19.65,1,1,1,16.44,153578.06,-0.44,1891456.49,-2.68,NORMAL
2024-09-25,2024,9,Sep,18,88709.99,4928.33,15.71,0,6,0,16.44,153578.06,1.56,-64868.07,9.49,NORMAL
2024-09-26,2024,9,Sep,21,426999.68,20333.32,20.14,1,7,2,16.44,153578.06,4.56,273421.62,27.74,NORMAL
2024-09-27,2024,9,Sep,22,94501.84,4295.54,15.65,0,8,0,16.44,153578.06,5.56,-59076.22,33.82,NORMAL
2024-09-28,2024,9,Sep,17,59978.52,3528.15,13.4,0,7,0,16.44,153578.06,0.56,-93599.54,3.41,NORMAL
2024-09-29,2024,9,Sep,13,395756.67,30442.82,20.7,2,6,2,16.44,153578.06,-3.44,242178.61,-20.92,NORMAL
2024-09-30,2024,9,Sep,11,31782.69,2889.34,25.24,0,4,0,16.44,153578.06,-5.44,-121795.37,-33.09,NORMAL
2024-10-01,2024,10,Oct,15,402434.37,26828.96,18.1,1,6,2,16.44,153578.06,-1.44,248856.31,-8.76,NORMAL
2024-10-02,2024,10,Oct,10,9887.05,988.7,13.59,0,1,0,16.44,153578.06,-6.44,-143691.01,-39.17,NORMAL
2024-10-03,2024,10,Oct,15,27053.08,1803.54,17.12,0,4,0,16.44,153578.06,-1.44,-126524.98,-8.76,NORMAL
2024-10-04,2024,10,Oct,16,6684.53,417.78,9.73,0,4,0,16.44,153578.06,-0.44,-146893.53,-2.68,NORMAL
2024-10-05,2024,10,Oct,15,452882.75,30192.18,25.06,1,1,2,16.44,153578.06,-1.44,299304.69,-8.76,NORMAL
2024-10-06,2024,10,Oct,14,85951.68,6139.41,17.88,0,4,1,16.44,153578.06,-2.44,-67626.38,-14.84,NORMAL
2024-10-07,2024,10,Oct,12,35844.55,2987.05,14.12,0,5,0,16.44,153578.06,-4.44,-117733.51,-27.01,NORMAL
2024-10-08,2024,10,Oct,16,144499.3,9031.21,16.25,1,8,1,16.44,153578.06,-0.44,-9078.76,-2.68,NORMAL
2024-10-09,2024,10,Oct,15,22139.08,1475.94,12.13,0,3,0,16.44,153578.06,-1.44,-131438.98,-8.76,NORMAL
2024-10-10,2024,10,Oct,14,40308.45,2879.17,14.32,1,5,0,16.44,153578.06,-2.44,-113269.61,-14.84,NORMAL
2024-10-11,2024,10,Oct,13,80533.54,6194.89,14.72,0,4,1,16.44,153578.06,-3.44,-73044.52,-20.92,NORMAL
2024-10-12,2024,10,Oct,17,20892.73,1228.98,14.23,0,4,0,16.44,153578.06,0.56,-132685.33,3.41,NORMAL
2024-10-13,2024,10,Oct,22,379417.3,17246.24,21.48,2,6,2,16.44,153578.06,5.56,225839.24,33.82,NORMAL
2024-10-14,2024,10,Oct,22,29818.15,1355.37,15.72,0,12,0,16.44,153578.06,5.56,-123759.91,33.82,NORMAL
2024-10-15,2024,10,Oct,16,19693.89,1230.87,9.85,0,4,0,16.44,153578.06,-0.44,-133884.17,-2.68,NORMAL
2024-10-16,2024,10,Oct,28,116221.81,4150.78,19.07,1,7,1,16.44,153578.06,11.56,-37356.25,70.32,VOLUME SPIKE
2024-10-17,2024,10,Oct,16,113253.68,7078.35,21.33,1,4,1,16.44,153578.06,-0.44,-40324.38,-2.68,NORMAL
2024-10-18,2024,10,Oct,16,289940.38,18121.27,24.02,2,5,2,16.44,153578.06,-0.44,136362.32,-2.68,NORMAL
2024-10-19,2024,10,Oct,10,43838.25,4383.82,21.02,1,4,0,16.44,153578.06,-6.44,-109739.81,-39.17,NORMAL
2024-10-20,2024,10,Oct,13,320442.95,24649.46,19.18,0,4,1,16.44,153578.06,-3.44,166864.89,-20.92,NORMAL
2024-10-21,2024,10,Oct,18,83357.83,4630.99,11.37,0,3,1,16.44,153578.06,1.56,-70220.23,9.49,NORMAL
2024-10-22,2024,10,Oct,19,96063.75,5055.99,21.89,1,8,0,16.44,153578.06,2.56,-57514.31,15.57,NORMAL
2024-10-23,2024,10,Oct,15,558809.35,37253.96,25.94,2,4,2,16.44,153578.06,-1.44,405231.29,-8.76,NORMAL
2024-10-24,2024,10,Oct,20,185992.17,9299.61,16.99,1,6,2,16.44,153578.06,3.56,32414.11,21.65,NORMAL
2024-10-25,2024,10,Oct,10,29842.88,2984.29,17.23,0,3,0,16.44,153578.06,-6.44,-123735.18,-39.17,NORMAL
2024-10-26,2024,10,Oct,24,55401.52,2308.4,16.83,0,10,0,16.44,153578.06,7.56,-98176.54,45.99,NORMAL
2024-10-27,2024,10,Oct,11,31256.26,2841.48,17.96,0,3,0,16.44,153578.06,-5.44,-122321.8,-33.09,NORMAL
2024-10-28,2024,10,Oct,19,66513.49,3500.71,18.31,2,9,0,16.44,153578.06,2.56,-87064.57,15.57,NORMAL
2024-10-29,2024,10,Oct,12,29667.81,2472.32,16.51,0,4,0,16.44,153578.06,-4.44,-123910.25,-27.01,NORMAL
2024-10-30,2024,10,Oct,9,13667.08,1518.56,5.85,0,1,0,16.44,153578.06,-7.44,-139910.98,-45.26,NORMAL
2024-10-31,2024,10,Oct,21,353872.3,16851.06,19.48,1,9,2,16.44,153578.06,4.56,200294.24,27.74,NORMAL
2024-11-01,2024,11,Nov,27,470949.04,17442.56,18.96,1,10,2,16.44,153578.06,10.56,317370.98,64.23,VOLUME SPIKE
2024-11-02,2024,11,Nov,18,153508.18,8528.23,12.92,0,4,1,16.44,153578.06,1.56,-69.88,9.49,NORMAL
2024-11-03,2024,11,Nov,18,483500.19,26861.12,22.98,1,10,1,16.44,153578.06,1.56,329922.13,9.49,NORMAL
2024-11-04,2024,11,Nov,19,48336.72,2544.04,12.75,1,9,0,16.44,153578.06,2.56,-105241.34,15.57,NORMAL
2024-11-05,2024,11,Nov,12,38260.88,3188.41,17.18,0,7,0,16.44,153578.06,-4.44,-115317.18,-27.01,NORMAL
2024-11-06,2024,11,Nov,20,126896.1,6344.81,16.62,0,5,0,16.44,153578.06,3.56,-26681.96,21.65,NORMAL
2024-11-07,2024,11,Nov,22,266040.82,12092.76,16.76,1,3,2,16.44,153578.06,5.56,112462.76,33.82,NORMAL
2024-11-08,2024,11,Nov,14,131864.91,9418.92,17.7,0,5,1,16.44,153578.06,-2.44,-21713.15,-14.84,NORMAL
2024-11-09,2024,11,Nov,22,85971.67,3907.8,11.49,0,6,1,16.44,153578.06,5.56,-67606.39,33.82,NORMAL
2024-11-10,2024,11,Nov,13,598007.91,46000.61,25.74,2,4,2,16.44,153578.06,-3.44,444429.85,-20.92,NORMAL
2024-11-11,2024,11,Nov,15,288077.89,19205.19,15.89,0,9,1,16.44,153578.06,-1.44,134499.83,-8.76,NORMAL
2024-11-12,2024,11,Nov,17,92762.11,5456.59,19.57,0,6,1,16.44,153578.06,0.56,-60815.95,3.41,NORMAL
2024-11-13,2024,11,Nov,20,55902.28,2795.11,9.11,0,6,0,16.44,153578.06,3.56,-97675.78,21.65,NORMAL
2024-11-14,2024,11,Nov,12,76827.76,6402.31,19.33,0,4,0,16.44,153578.06,-4.44,-76750.3,-27.01,NORMAL
2024-11-15,2024,11,Nov,22,188438.4,8565.38,14.5,0,8,1,16.44,153578.06,5.56,34860.34,33.82,NORMAL
2024-11-16,2024,11,Nov,11,160180.9,14561.9,18.96,1,5,1,16.44,153578.06,-5.44,6602.84,-33.09,NORMAL
2024-11-17,2024,11,Nov,12,140484.02,11707.0,21.31,1,4,1,16.44,153578.06,-4.44,-13094.04,-27.01,NORMAL
2024-11-18,2024,11,Nov,14,72597.93,5185.57,16.22,0,5,0,16.44,153578.06,-2.44,-80980.13,-14.84,NORMAL
2024-11-19,2024,11,Nov,15,373700.88,24913.39,12.85,1,5,1,16.44,153578.06,-1.44,220122.82,-8.76,NORMAL
2024-11-20,2024,11,Nov,17,266595.0,15682.06,21.94,1,5,1,16.44,153578.06,0.56,113016.94,3.41,NORMAL
2024-11-21,2024,11,Nov,17,74180.9,4363.58,13.61,0,5,0,16.44,153578.06,0.56,-79397.16,3.41,NORMAL
2024-11-22,2024,11,Nov,19,88582.41,4662.23,17.85,1,10,0,16.44,153578.06,2.56,-64995.65,15.57,NORMAL
2024-11-23,2024,11,Nov,16,194588.9,12161.81,13.89,0,4,1,16.44,153578.06,-0.44,41010.84,-2.68,NORMAL
2024-11-24,2024,11,Nov,20,505521.56,25276.08,22.05,1,7,3,16.44,153578.06,3.56,351943.5,21.65,NORMAL
2024-11-25,2024,11,Nov,11,212229.83,19293.62,21.65,1,4,1,16.44,153578.06,-5.44,58651.77,-33.09,NORMAL
2024-11-26,2024,11,Nov,14,17283.38,1234.53,14.29,0,4,0,16.44,153578.06,-2.44,-136294.68,-14.84,NORMAL
2024-11-27,2024,11,Nov,17,205488.35,12087.55,22.76,0,6,2,16.44,153578.06,0.56,51910.29,3.41,NORMAL
2024-11-28,2024,11,Nov,23,230211.39,10009.19,22.47,2,13,1,16.44,153578.06,6.56,76633.33,39.9,NORMAL
2024-11-29,2024,11,Nov,11,30816.03,2801.46,15.81,0,3,0,16.44,153578.06,-5.44,-122762.03,-33.09,NORMAL
2024-11-30,2024,11,Nov,16,468268.1,29266.76,18.93,0,3,2,16.44,153578.06,-0.44,314690.04,-2.68,NORMAL
2024-12-01,2024,12,Dec,11,74120.1,6738.19,19.18,1,7,0,16.44,153578.06,-5.44,-79457.96,-33.09,NORMAL
2024-12-02,2024,12,Dec,27,226846.47,8401.72,19.21,1,10,2,16.44,153578.06,10.56,73268.41,64.23,VOLUME SPIKE
2024-12-03,2024,12,Dec,17,147616.58,8683.33,18.25,1,6,1,16.44,153578.06,0.56,-5961.48,3.41,NORMAL
2024-12-04,2024,12,Dec,15,163082.2,10872.15,12.86,0,4,1,16.44,153578.06,-1.44,9504.14,-8.76,NORMAL
2024-12-05,2024,12,Dec,18,924670.53,51370.58,20.39,2,3,3,16.44,153578.06,1.56,771092.47,9.49,NORMAL
2024-12-06,2024,12,Dec,22,108305.83,4922.99,20.11,0,9,1,16.44,153578.06,5.56,-45272.23,33.82,NORMAL
2024-12-07,2024,12,Dec,18,94524.26,5251.35,12.41,0,2,0,16.44,153578.06,1.56,-59053.8,9.49,NORMAL
2024-12-08,2024,12,Dec,18,22389.42,1243.86,17.05,0,9,0,16.44,153578.06,1.56,-131188.64,9.49,NORMAL
2024-12-09,2024,12,Dec,20,256354.94,12817.75,18.76,0,5,1,16.44,153578.06,3.56,102776.88,21.65,NORMAL
2024-12-10,2024,12,Dec,16,106330.54,6645.66,17.94,3,3,1,16.44,153578.06,-0.44,-47247.52,-2.68,NORMAL
2024-12-11,2024,12,Dec,17,32663.36,1921.37,11.87,0,4,0,16.44,153578.06,0.56,-120914.7,3.41,NORMAL
2024-12-12,2024,12,Dec,17,92103.78,5417.87,16.88,2,5,1,16.44,153578.06,0.56,-61474.28,3.41,NORMAL
2024-12-13,2024,12,Dec,9,121942.78,13549.2,11.82,0,1,1,16.44,153578.06,-7.44,-31635.28,-45.26,NORMAL
2024-12-14,2024,12,Dec,11,22316.67,2028.79,16.61,0,3,0,16.44,153578.06,-5.44,-131261.39,-33.09,NORMAL
2024-12-15,2024,12,Dec,20,30414.35,1520.72,13.91,0,7,0,16.44,153578.06,3.56,-123163.71,21.65,NORMAL
2024-12-16,2024,12,Dec,21,475334.22,22634.96,22.12,1,9,4,16.44,153578.06,4.56,321756.16,27.74,NORMAL
2024-12-17,2024,12,Dec,15,49025.92,3268.39,22.19,2,8,0,16.44,153578.06,-1.44,-104552.14,-8.76,NORMAL
2024-12-18,2024,12,Dec,14,6052.19,432.3,6.83,0,2,0,16.44,153578.06,-2.44,-147525.87,-14.84,NORMAL
2024-12-19,2024,12,Dec,14,115924.81,8280.34,16.08,0,2,1,16.44,153578.06,-2.44,-37653.25,-14.84,NORMAL
2024-12-20,2024,12,Dec,22,66089.07,3004.05,15.74,1,6,0,16.44,153578.06,5.56,-87488.99,33.82,NORMAL
2024-12-21,2024,12,Dec,17,533375.59,31375.03,24.08,2,5,3,16.44,153578.06,0.56,379797.53,3.41,NORMAL
2024-12-22,2024,12,Dec,10,97474.43,9747.44,20.26,1,1,0,16.44,153578.06,-6.44,-56103.63,-39.17,NORMAL
2024-12-23,2024,12,Dec,13,163162.48,12550.96,17.57,1,3,2,16.44,153578.06,-3.44,9584.42,-20.92,NORMAL
2024-12-24,2024,12,Dec,16,317085.94,19817.87,23.79,2,8,2,16.44,153578.06,-0.44,163507.88,-2.68,NORMAL
2024-12-25,2024,12,Dec,19,132455.88,6971.36,18.71,0,7,1,16.44,153578.06,2.56,-21122.18,15.57,NORMAL
2024-12-26,2024,12,Dec,12,40024.59,3335.38,24.61,0,3,0,16.44,153578.06,-4.44,-113553.47,-27.01,NORMAL
2024-12-27,2024,12,Dec,13,88617.99,6816.77,9.7,0,2,1,16.44,153578.06,-3.44,-64960.07,-20.92,NORMAL
2024-12-28,2024,12,Dec,23,136969.31,5955.19,11.96,1,4,1,16.44,153578.06,6.56,-16608.75,39.9,NORMAL
2024-12-29,2024,12,Dec,8,19091.45,2386.43,20.03,0,0,0,16.44,153578.06,-8.44,-134486.61,-51.34,VOLUME DROP
2024-12-30,2024,12,Dec,21,123866.88,5898.42,16.85,0,8,1,16.44,153578.06,4.56,-29711.18,27.74,NORMAL
